date,sales
2023-01-01,152
2023-01-02,485
2023-01-03,398
2023-01-04,320
2023-01-05,156
2023-01-06,121
2023-01-07,238
2023-01-08,70
2023-01-09,152
2023-01-10,171
2023-01-11,264
2023-01-12,380
2023-01-13,137
2023-01-14,422
2023-01-15,149
2023-01-16,409
2023-01-17,201
2023-01-18,180
2023-01-19,199
2023-01-20,358
2023-01-21,307
2023-01-22,393
2023-01-23,463
2023-01-24,343
2023-01-25,435
2023-01-26,241
2023-01-27,493
2023-01-28,326
2023-01-29,210
2023-01-30,363
2023-01-31,71
2023-02-01,302
2023-02-02,285
2023-02-03,394
2023-02-04,98
2023-02-05,108
2023-02-06,219
2023-02-07,237
2023-02-08,320
2023-02-09,239
2023-02-10,495
2023-02-11,224
2023-02-12,495
2023-02-13,100
2023-02-14,413
2023-02-15,104
2023-02-16,293
2023-02-17,369
2023-02-18,180
2023-02-19,356
2023-02-20,184
2023-02-21,70
2023-02-22,378
2023-02-23,216
2023-02-24,323
2023-02-25,437
2023-02-26,138
2023-02-27,365
2023-02-28,63
2023-03-01,291
2023-03-02,314
2023-03-03,395
2023-03-04,102
2023-03-05,435
2023-03-06,389
2023-03-07,141
2023-03-08,416
2023-03-09,493
2023-03-10,477
2023-03-11,313
2023-03-12,480
2023-03-13,84
2023-03-14,255
2023-03-15,130
2023-03-16,469
2023-03-17,99
2023-03-18,409
2023-03-19,437
2023-03-20,51
2023-03-21,439
2023-03-22,103
2023-03-23,155
2023-03-24,309
2023-03-25,359
2023-03-26,240
2023-03-27,451
2023-03-28,267
2023-03-29,93
2023-03-30,211
2023-03-31,251
2023-04-01,495
2023-04-02,319
2023-04-03,400
2023-04-04,353
2023-04-05,320
2023-04-06,264
2023-04-07,301
2023-04-08,239
2023-04-09,345
2023-04-10,262
2023-04-11,257
2023-04-12,286
2023-04-13,387
2023-04-14,416
2023-04-15,102
2023-04-16,329
2023-04-17,459
2023-04-18,266
2023-04-19,301
2023-04-20,237
2023-04-21,429
2023-04-22,90
2023-04-23,206
2023-04-24,64
2023-04-25,350
2023-04-26,114
2023-04-27,394
2023-04-28,376
2023-04-29,58
2023-04-30,393
2023-05-01,178
2023-05-02,185
2023-05-03,112
2023-05-04,188
2023-05-05,130
2023-05-06,441
2023-05-07,212
2023-05-08,468
2023-05-09,338
2023-05-10,428
2023-05-11,310
2023-05-12,280
2023-05-13,90
2023-05-14,77
2023-05-15,184
2023-05-16,250
2023-05-17,377
2023-05-18,317
2023-05-19,467
2023-05-20,82
2023-05-21,97
2023-05-22,456
2023-05-23,111
2023-05-24,265
2023-05-25,342
2023-05-26,148
2023-05-27,221
2023-05-28,409
2023-05-29,263
2023-05-30,84
2023-05-31,498
2023-06-01,276
2023-06-02,150
2023-06-03,480
2023-06-04,180
2023-06-05,306
2023-06-06,54
2023-06-07,267
2023-06-08,304
2023-06-09,447
2023-06-10,408
2023-06-11,332
2023-06-12,442
2023-06-13,256
2023-06-14,64
2023-06-15,395
2023-06-16,91
2023-06-17,429
2023-06-18,228
2023-06-19,112
2023-06-20,401
2023-06-21,280
2023-06-22,290
2023-06-23,101
2023-06-24,145
2023-06-25,437
2023-06-26,271
2023-06-27,456
2023-06-28,280
2023-06-29,286
2023-06-30,192
2023-07-01,220
2023-07-02,78
2023-07-03,85
2023-07-04,62
2023-07-05,209
2023-07-06,376
2023-07-07,236
2023-07-08,292
2023-07-09,135
2023-07-10,333
2023-07-11,115
2023-07-12,219
2023-07-13,94
2023-07-14,111
2023-07-15,490
2023-07-16,183
2023-07-17,333
2023-07-18,77
2023-07-19,157
2023-07-20,93
2023-07-21,389
2023-07-22,335
2023-07-23,495
2023-07-24,380
2023-07-25,177
2023-07-26,397
2023-07-27,280
2023-07-28,239
2023-07-29,274
2023-07-30,434
2023-07-31,426
2023-08-01,332
2023-08-02,495
2023-08-03,170
2023-08-04,165
2023-08-05,282
2023-08-06,308
2023-08-07,408
2023-08-08,247
2023-08-09,460
2023-08-10,186
2023-08-11,367
2023-08-12,214
2023-08-13,274
2023-08-14,356
2023-08-15,283
2023-08-16,221
2023-08-17,201
2023-08-18,364
2023-08-19,423
2023-08-20,209
2023-08-21,145
2023-08-22,282
2023-08-23,229
2023-08-24,162
2023-08-25,367
2023-08-26,491
2023-08-27,101
2023-08-28,317
2023-08-29,344
2023-08-30,435
2023-08-31,436
2023-09-01,162
2023-09-02,150
2023-09-03,162
2023-09-04,489
2023-09-05,130
2023-09-06,236
2023-09-07,162
2023-09-08,51
2023-09-09,179
2023-09-10,269
2023-09-11,103
2023-09-12,392
2023-09-13,273
2023-09-14,274
2023-09-15,434
2023-09-16,452
2023-09-17,175
2023-09-18,179
2023-09-19,102
2023-09-20,221
2023-09-21,267
2023-09-22,209
2023-09-23,247
2023-09-24,465
2023-09-25,296
2023-09-26,373
2023-09-27,488
2023-09-28,252
2023-09-29,233
2023-09-30,172
2023-10-01,450
2023-10-02,304
2023-10-03,343
2023-10-04,329
2023-10-05,374
2023-10-06,421
2023-10-07,147
2023-10-08,247
2023-10-09,444
2023-10-10,289
2023-10-11,193
2023-10-12,146
2023-10-13,250
2023-10-14,173
2023-10-15,236
2023-10-16,375
2023-10-17,398
2023-10-18,308
2023-10-19,197
2023-10-20,301
2023-10-21,492
2023-10-22,469
2023-10-23,452
2023-10-24,395
2023-10-25,196
2023-10-26,197
2023-10-27,401
2023-10-28,248
2023-10-29,357
2023-10-30,466
2023-10-31,473
2023-11-01,177
2023-11-02,88
2023-11-03,387
2023-11-04,409
2023-11-05,178
2023-11-06,316
2023-11-07,490
2023-11-08,483
2023-11-09,200
2023-11-10,464
2023-11-11,347
2023-11-12,148
2023-11-13,312
2023-11-14,301
2023-11-15,193
2023-11-16,395
2023-11-17,161
2023-11-18,109
2023-11-19,418
2023-11-20,51
2023-11-21,434
2023-11-22,353
2023-11-23,303
2023-11-24,189
2023-11-25,86
2023-11-26,209
2023-11-27,58
2023-11-28,282
2023-11-29,148
2023-11-30,196
2023-12-01,353
2023-12-02,257
2023-12-03,180
2023-12-04,453
2023-12-05,201
2023-12-06,103
2023-12-07,169
2023-12-08,210
2023-12-09,457
2023-12-10,165
2023-12-11,124
2023-12-12,162
2023-12-13,469
2023-12-14,471
2023-12-15,153
2023-12-16,389
2023-12-17,303
2023-12-18,276
2023-12-19,161
2023-12-20,148
2023-12-21,202
2023-12-22,398
2023-12-23,451
2023-12-24,433
2023-12-25,415
2023-12-26,387
2023-12-27,243
2023-12-28,359
2023-12-29,212
2023-12-30,257
2023-12-31,494
2024-01-01,218
2024-01-02,210
2024-01-03,117
2024-01-04,338
2024-01-05,447
2024-01-06,326
2024-01-07,353
2024-01-08,453
2024-01-09,433
2024-01-10,441
2024-01-11,184
2024-01-12,244
2024-01-13,450
2024-01-14,177
2024-01-15,82
2024-01-16,225
2024-01-17,492
2024-01-18,420
2024-01-19,424
2024-01-20,71
2024-01-21,287
2024-01-22,207
2024-01-23,87
2024-01-24,279
2024-01-25,414
2024-01-26,100
2024-01-27,487
2024-01-28,313
2024-01-29,332
2024-01-30,76
2024-01-31,275
2024-02-01,326
2024-02-02,335
2024-02-03,146
2024-02-04,333
2024-02-05,416
2024-02-06,497
2024-02-07,366
2024-02-08,353
2024-02-09,196
2024-02-10,53
2024-02-11,84
2024-02-12,241
2024-02-13,98
2024-02-14,66
2024-02-15,221
2024-02-16,269
2024-02-17,207
2024-02-18,95
2024-02-19,422
2024-02-20,55
2024-02-21,148
2024-02-22,429
2024-02-23,282
2024-02-24,86
2024-02-25,329
2024-02-26,398
2024-02-27,351
2024-02-28,230
2024-02-29,144
2024-03-01,148
2024-03-02,237
2024-03-03,165
2024-03-04,240
2024-03-05,302
2024-03-06,465
2024-03-07,210
2024-03-08,305
2024-03-09,372
2024-03-10,177
2024-03-11,67
2024-03-12,330
2024-03-13,272
2024-03-14,103
2024-03-15,107
2024-03-16,372
2024-03-17,409
2024-03-18,223
2024-03-19,329
2024-03-20,163
2024-03-21,337
2024-03-22,480
2024-03-23,391
2024-03-24,200
2024-03-25,499
2024-03-26,176
2024-03-27,204
2024-03-28,435
2024-03-29,322
2024-03-30,153
2024-03-31,466
2024-04-01,442
2024-04-02,348
2024-04-03,295
2024-04-04,225
2024-04-05,88
2024-04-06,219
2024-04-07,296
2024-04-08,75
2024-04-09,404
2024-04-10,355
2024-04-11,458
2024-04-12,457
2024-04-13,62
2024-04-14,365
2024-04-15,440
2024-04-16,362
2024-04-17,85
2024-04-18,222
2024-04-19,69
2024-04-20,370
2024-04-21,313
2024-04-22,449
2024-04-23,191
2024-04-24,420
2024-04-25,192
2024-04-26,141
2024-04-27,403
2024-04-28,371
2024-04-29,337
2024-04-30,264
2024-05-01,496
2024-05-02,391
2024-05-03,100
2024-05-04,202
2024-05-05,235
2024-05-06,112
2024-05-07,239
2024-05-08,174
2024-05-09,199
2024-05-10,363
2024-05-11,107
2024-05-12,391
2024-05-13,354
2024-05-14,229
2024-05-15,219
2024-05-16,375
2024-05-17,320
2024-05-18,103
2024-05-19,493
2024-05-20,150
2024-05-21,313
2024-05-22,102
2024-05-23,109
2024-05-24,157
2024-05-25,54
2024-05-26,152
2024-05-27,245
2024-05-28,311
2024-05-29,414
2024-05-30,421
2024-05-31,399
2024-06-01,96
2024-06-02,404
2024-06-03,360
2024-06-04,473
2024-06-05,357
2024-06-06,193
2024-06-07,318
2024-06-08,419
2024-06-09,173
2024-06-10,155
2024-06-11,207
2024-06-12,196
2024-06-13,194
2024-06-14,169
2024-06-15,368
2024-06-16,324
2024-06-17,141
2024-06-18,107
2024-06-19,488
2024-06-20,395
2024-06-21,278
2024-06-22,166
2024-06-23,367
2024-06-24,328
2024-06-25,176
2024-06-26,442
2024-06-27,445
2024-06-28,178
2024-06-29,107
2024-06-30,171
2024-07-01,50
2024-07-02,288
2024-07-03,339
2024-07-04,145
2024-07-05,175
2024-07-06,167
2024-07-07,97
2024-07-08,138
2024-07-09,286
2024-07-10,422
2024-07-11,434
2024-07-12,321
2024-07-13,238
2024-07-14,241
2024-07-15,496
2024-07-16,118
2024-07-17,327
2024-07-18,398
2024-07-19,296
2024-07-20,125
2024-07-21,203
2024-07-22,193
2024-07-23,484
2024-07-24,135
2024-07-25,234
2024-07-26,334
2024-07-27,269
2024-07-28,118
2024-07-29,96
2024-07-30,143
2024-07-31,287
2024-08-01,495
2024-08-02,253
2024-08-03,449
2024-08-04,267
2024-08-05,481
2024-08-06,390
2024-08-07,88
2024-08-08,149
2024-08-09,338
2024-08-10,303
2024-08-11,271
2024-08-12,406
2024-08-13,72
2024-08-14,299
2024-08-15,59
2024-08-16,295
2024-08-17,374
2024-08-18,149
2024-08-19,339
2024-08-20,229
2024-08-21,272
2024-08-22,443
2024-08-23,299
2024-08-24,196
2024-08-25,491
2024-08-26,145
2024-08-27,306
2024-08-28,374
2024-08-29,53
2024-08-30,65
2024-08-31,329
2024-09-01,385
2024-09-02,296
2024-09-03,307
2024-09-04,433
2024-09-05,209
2024-09-06,389
2024-09-07,201
2024-09-08,445
2024-09-09,227
2024-09-10,212
2024-09-11,429
2024-09-12,82
2024-09-13,466
2024-09-14,494
2024-09-15,228
2024-09-16,476
2024-09-17,150
2024-09-18,317
2024-09-19,372
2024-09-20,114
2024-09-21,466
2024-09-22,217
2024-09-23,379
2024-09-24,92
2024-09-25,93
2024-09-26,334
2024-09-27,446
2024-09-28,61
2024-09-29,144
2024-09-30,351
2024-10-01,435
2024-10-02,302
2024-10-03,291
2024-10-04,84
2024-10-05,264
2024-10-06,386
2024-10-07,139
2024-10-08,313
2024-10-09,142
2024-10-10,459
2024-10-11,139
2024-10-12,467
2024-10-13,164
2024-10-14,154
2024-10-15,440
2024-10-16,245
2024-10-17,363
2024-10-18,163
2024-10-19,124
2024-10-20,462
2024-10-21,425
2024-10-22,469
2024-10-23,266
2024-10-24,326
2024-10-25,298
2024-10-26,213
2024-10-27,443
2024-10-28,406
2024-10-29,457
2024-10-30,241
2024-10-31,276
2024-11-01,226
2024-11-02,148
2024-11-03,85
2024-11-04,145
2024-11-05,201
2024-11-06,200
2024-11-07,239
2024-11-08,273
2024-11-09,86
2024-11-10,317
2024-11-11,418
2024-11-12,232
2024-11-13,62
2024-11-14,328
2024-11-15,266
2024-11-16,404
2024-11-17,410
2024-11-18,335
2024-11-19,322
2024-11-20,418
2024-11-21,111
2024-11-22,133
2024-11-23,417
2024-11-24,266
2024-11-25,391
2024-11-26,446
2024-11-27,236
2024-11-28,68
2024-11-29,226
2024-11-30,149
2024-12-01,445
2024-12-02,494
2024-12-03,282
2024-12-04,452
2024-12-05,125
2024-12-06,314
2024-12-07,333
2024-12-08,255
2024-12-09,272
2024-12-10,433
2024-12-11,101
2024-12-12,388
2024-12-13,416
2024-12-14,193
2024-12-15,422
2024-12-16,118
2024-12-17,148
2024-12-18,445
2024-12-19,74
2024-12-20,485
2024-12-21,428
2024-12-22,102
2024-12-23,200
2024-12-24,193
2024-12-25,106
2024-12-26,88
2024-12-27,158
2024-12-28,230
2024-12-29,91
2024-12-30,235
2024-12-31,472
2025-01-01,447
2025-01-02,272
2025-01-03,171
2025-01-04,182
2025-01-05,212
2025-01-06,264
2025-01-07,270
2025-01-08,284
2025-01-09,380
2025-01-10,195
2025-01-11,288
2025-01-12,125
2025-01-13,58
2025-01-14,123
2025-01-15,491
2025-01-16,450
2025-01-17,302
2025-01-18,279
2025-01-19,56
2025-01-20,223
2025-01-21,190
2025-01-22,217
2025-01-23,219
2025-01-24,442
2025-01-25,483
2025-01-26,332
2025-01-27,171
2025-01-28,243
2025-01-29,54
2025-01-30,78
2025-01-31,214
2025-02-01,471
2025-02-02,388
2025-02-03,185
2025-02-04,414
2025-02-05,370
2025-02-06,391
2025-02-07,194
2025-02-08,376
2025-02-09,266
2025-02-10,350
2025-02-11,181
2025-02-12,341
2025-02-13,119
2025-02-14,301
2025-02-15,464
2025-02-16,324
2025-02-17,494
2025-02-18,413
2025-02-19,231
2025-02-20,216
2025-02-21,140
2025-02-22,251
2025-02-23,395
2025-02-24,68
2025-02-25,88
2025-02-26,175
2025-02-27,222
2025-02-28,190
2025-03-01,291
2025-03-02,269
2025-03-03,175
2025-03-04,107
2025-03-05,197
2025-03-06,366
2025-03-07,432
2025-03-08,410
2025-03-09,472
2025-03-10,50
2025-03-11,436
2025-03-12,397
2025-03-13,239
2025-03-14,240
2025-03-15,418
2025-03-16,458
2025-03-17,361
2025-03-18,466
2025-03-19,471
2025-03-20,166
2025-03-21,183
2025-03-22,107
2025-03-23,93
2025-03-24,222
2025-03-25,209
2025-03-26,222
2025-03-27,366
2025-03-28,352
2025-03-29,198
2025-03-30,129
2025-03-31,423
2025-04-01,262
2025-04-02,252
2025-04-03,301
2025-04-04,278
2025-04-05,213
2025-04-06,276
2025-04-07,196
2025-04-08,69
2025-04-09,490
2025-04-10,451
2025-04-11,96
2025-04-12,282
2025-04-13,354
2025-04-14,63
2025-04-15,192
2025-04-16,464
2025-04-17,50
2025-04-18,422
2025-04-19,103
2025-04-20,423
2025-04-21,308
2025-04-22,193
2025-04-23,490
2025-04-24,61
2025-04-25,379
2025-04-26,273
2025-04-27,321
2025-04-28,407
2025-04-29,457
2025-04-30,205
2025-05-01,422
2025-05-02,57
2025-05-03,171
2025-05-04,397
2025-05-05,213
2025-05-06,139
2025-05-07,185
2025-05-08,235
2025-05-09,365
2025-05-10,227
2025-05-11,77
2025-05-12,269
2025-05-13,406
2025-05-14,90
2025-05-15,277
2025-05-16,241
2025-05-17,460
2025-05-18,496
2025-05-19,194
2025-05-20,250
2025-05-21,466
2025-05-22,261
2025-05-23,269
2025-05-24,289
2025-05-25,462
2025-05-26,446
2025-05-27,95
2025-05-28,84
2025-05-29,302
2025-05-30,439
2025-05-31,131
2025-06-01,420
2025-06-02,305
2025-06-03,246
2025-06-04,352
2025-06-05,458
2025-06-06,499
2025-06-07,59
2025-06-08,361
2025-06-09,335
2025-06-10,291
2025-06-11,300
2025-06-12,414
2025-06-13,54
2025-06-14,168
2025-06-15,338
2025-06-16,423
2025-06-17,114
2025-06-18,195
2025-06-19,273
2025-06-20,288
2025-06-21,226
2025-06-22,316
2025-06-23,390
2025-06-24,331
2025-06-25,112
2025-06-26,266
2025-06-27,391
2025-06-28,364
2025-06-29,332
2025-06-30,226
2025-07-01,466
2025-07-02,147
2025-07-03,154
2025-07-04,148
2025-07-05,434
2025-07-06,454
2025-07-07,360
2025-07-08,55
2025-07-09,246
2025-07-10,400
2025-07-11,182
2025-07-12,407
2025-07-13,308
2025-07-14,486
2025-07-15,72
2025-07-16,102
2025-07-17,214
2025-07-18,251
2025-07-19,132
2025-07-20,194
2025-07-21,134
2025-07-22,127
2025-07-23,415
2025-07-24,50
2025-07-25,100
2025-07-26,222
2025-07-27,254
2025-07-28,309
2025-07-29,495
2025-07-30,498
2025-07-31,418
2025-08-01,337
2025-08-02,83
2025-08-03,397
2025-08-04,144
2025-08-05,121
2025-08-06,88
2025-08-07,203
2025-08-08,299
2025-08-09,211
2025-08-10,487
2025-08-11,167
2025-08-12,308
2025-08-13,428
2025-08-14,355
2025-08-15,317
2025-08-16,498
2025-08-17,103
2025-08-18,285
2025-08-19,438
2025-08-20,271
2025-08-21,300
2025-08-22,362
2025-08-23,450
2025-08-24,161
2025-08-25,304
2025-08-26,352
2025-08-27,456
2025-08-28,256
2025-08-29,278
2025-08-30,390
2025-08-31,447
2025-09-01,115
2025-09-02,124
2025-09-03,484
2025-09-04,152
2025-09-05,471
2025-09-06,241
2025-09-07,301
2025-09-08,275
2025-09-09,343
2025-09-10,355
2025-09-11,147
2025-09-12,387
2025-09-13,335
2025-09-14,384
2025-09-15,396
2025-09-16,484
2025-09-17,496
2025-09-18,357
2025-09-19,298
2025-09-20,215
2025-09-21,384
2025-09-22,79
2025-09-23,296
2025-09-24,155
2025-09-25,100
2025-09-26,130
2025-09-27,182
2025-09-28,334
2025-09-29,437
2025-09-30,187
2025-10-01,233
2025-10-02,450
2025-10-03,379
2025-10-04,322
2025-10-05,389
2025-10-06,118
2025-10-07,83
2025-10-08,311
2025-10-09,102
2025-10-10,499
2025-10-11,254
2025-10-12,175
2025-10-13,284
2025-10-14,92
2025-10-15,289
2025-10-16,420
2025-10-17,160
2025-10-18,298
2025-10-19,200
2025-10-20,232
2025-10-21,385
2025-10-22,144
2025-10-23,423
2025-10-24,449
2025-10-25,57
2025-10-26,437
2025-10-27,409
2025-10-28,437
2025-10-29,233
2025-10-30,330
2025-10-31,244
2025-11-01,401
2025-11-02,244
2025-11-03,204
2025-11-04,142
2025-11-05,209
2025-11-06,483
2025-11-07,110
2025-11-08,171
2025-11-09,100
2025-11-10,452
2025-11-11,326
2025-11-12,54
2025-11-13,141
2025-11-14,219
2025-11-15,366
2025-11-16,71
2025-11-17,454
2025-11-18,375
2025-11-19,50
2025-11-20,182
2025-11-21,282
2025-11-22,61
2025-11-23,395
2025-11-24,95
2025-11-25,83
2025-11-26,482
2025-11-27,127
2025-11-28,267
2025-11-29,350
2025-11-30,460
2025-12-01,122
2025-12-02,331
2025-12-03,298
2025-12-04,96
2025-12-05,170
2025-12-06,263
2025-12-07,288
2025-12-08,105
2025-12-09,399
2025-12-10,156
2025-12-11,368
2025-12-12,97
2025-12-13,110
2025-12-14,386
2025-12-15,75
2025-12-16,341
2025-12-17,306
2025-12-18,57
2025-12-19,162
2025-12-20,404
2025-12-21,302
2025-12-22,229
2025-12-23,256
2025-12-24,352
2025-12-25,176
2025-12-26,105
2025-12-27,263
2025-12-28,63
2025-12-29,77
2025-12-30,127
2025-12-31,265
2026-01-01,435
2026-01-02,414
2026-01-03,203
2026-01-04,63
2026-01-05,236
2026-01-06,361
2026-01-07,420
2026-01-08,56
2026-01-09,52
2026-01-10,160
2026-01-11,456
2026-01-12,287
2026-01-13,412
2026-01-14,288
2026-01-15,323
2026-01-16,343
2026-01-17,276
2026-01-18,420
2026-01-19,64
2026-01-20,241
2026-01-21,168
2026-01-22,77
2026-01-23,251
2026-01-24,88
2026-01-25,490
2026-01-26,322
2026-01-27,280
2026-01-28,135
2026-01-29,175
2026-01-30,349
2026-01-31,74
2026-02-01,194
2026-02-02,62
2026-02-03,261
2026-02-04,74
2026-02-05,117
2026-02-06,443
2026-02-07,116
2026-02-08,282
2026-02-09,158
2026-02-10,195
2026-02-11,160
2026-02-12,277
2026-02-13,160
2026-02-14,83
2026-02-15,160
2026-02-16,313
2026-02-17,473
2026-02-18,418
2026-02-19,285
2026-02-20,132
2026-02-21,91
2026-02-22,474
2026-02-23,150
2026-02-24,55
2026-02-25,229
2026-02-26,331
2026-02-27,369
2026-02-28,275
2026-03-01,492
2026-03-02,489
2026-03-03,364
2026-03-04,414
2026-03-05,278
2026-03-06,426
2026-03-07,338
2026-03-08,486
2026-03-09,199
2026-03-10,326
2026-03-11,247
2026-03-12,119
2026-03-13,161
2026-03-14,53
2026-03-15,399
2026-03-16,380
2026-03-17,495
2026-03-18,367
2026-03-19,399
2026-03-20,144
2026-03-21,201
2026-03-22,360
2026-03-23,186
2026-03-24,296
2026-03-25,436
2026-03-26,292
2026-03-27,80
2026-03-28,89
2026-03-29,278
2026-03-30,85
2026-03-31,457
2026-04-01,272
2026-04-02,55
2026-04-03,371
2026-04-04,269
2026-04-05,124
2026-04-06,53
2026-04-07,384
2026-04-08,183
2026-04-09,167
2026-04-10,418
2026-04-11,143
2026-04-12,484
2026-04-13,111
2026-04-14,490
2026-04-15,243
2026-04-16,384
2026-04-17,252
2026-04-18,441
2026-04-19,75
2026-04-20,484
2026-04-21,222
2026-04-22,349
2026-04-23,182
2026-04-24,375
2026-04-25,459
2026-04-26,167
2026-04-27,373
2026-04-28,324
2026-04-29,261
2026-04-30,274
2026-05-01,69
2026-05-02,162
2026-05-03,189
2026-05-04,96
2026-05-05,50
2026-05-06,139
2026-05-07,191
2026-05-08,369
2026-05-09,87
2026-05-10,342
2026-05-11,431
2026-05-12,188
2026-05-13,405
2026-05-14,382
2026-05-15,308
2026-05-16,210
2026-05-17,439
2026-05-18,227
2026-05-19,59
2026-05-20,310
2026-05-21,456
2026-05-22,187
2026-05-23,221
2026-05-24,435
2026-05-25,62
2026-05-26,217
2026-05-27,179
2026-05-28,133
2026-05-29,370
2026-05-30,368
2026-05-31,150
2026-06-01,378
2026-06-02,322
2026-06-03,314
2026-06-04,448
2026-06-05,457
2026-06-06,87
2026-06-07,468
2026-06-08,143
2026-06-09,144
2026-06-10,354
2026-06-11,118
2026-06-12,367
2026-06-13,493
2026-06-14,285
2026-06-15,483
2026-06-16,383
2026-06-17,422
2026-06-18,425
2026-06-19,186
2026-06-20,467
2026-06-21,125
2026-06-22,84
2026-06-23,50
2026-06-24,345
2026-06-25,369
2026-06-26,455
2026-06-27,109
2026-06-28,369
2026-06-29,398
2026-06-30,377
2026-07-01,316
2026-07-02,410
2026-07-03,278
2026-07-04,319
2026-07-05,365
2026-07-06,335
2026-07-07,340
2026-07-08,262
2026-07-09,214
2026-07-10,54
2026-07-11,388
2026-07-12,428
2026-07-13,127
2026-07-14,459
2026-07-15,111
2026-07-16,181
2026-07-17,138
2026-07-18,286
2026-07-19,91
2026-07-20,138
2026-07-21,451
2026-07-22,345
2026-07-23,377
2026-07-24,344
2026-07-25,153
2026-07-26,63
2026-07-27,337
2026-07-28,228
2026-07-29,174
2026-07-30,471
2026-07-31,402
2026-08-01,72
2026-08-02,112
2026-08-03,192
2026-08-04,202
2026-08-05,194
2026-08-06,274
2026-08-07,499
2026-08-08,358
2026-08-09,153
2026-08-10,153
2026-08-11,484
2026-08-12,88
2026-08-13,484
2026-08-14,247
2026-08-15,183
2026-08-16,116
2026-08-17,440
2026-08-18,228
2026-08-19,91
2026-08-20,497
2026-08-21,64
2026-08-22,160
2026-08-23,206
2026-08-24,338
2026-08-25,280
2026-08-26,460
2026-08-27,469
2026-08-28,206
2026-08-29,87
2026-08-30,490
2026-08-31,146
2026-09-01,460
2026-09-02,488
2026-09-03,338
2026-09-04,303
2026-09-05,245
2026-09-06,135
2026-09-07,371
2026-09-08,59
2026-09-09,54
2026-09-10,172
2026-09-11,379
2026-09-12,402
2026-09-13,167
2026-09-14,343
2026-09-15,446
2026-09-16,208
2026-09-17,352
2026-09-18,277
2026-09-19,414
2026-09-20,265
2026-09-21,485
2026-09-22,233
2026-09-23,64
2026-09-24,206
2026-09-25,185
2026-09-26,310
2026-09-27,206
2026-09-28,96
2026-09-29,373
2026-09-30,381
2026-10-01,222
2026-10-02,179
2026-10-03,460
2026-10-04,144
2026-10-05,164
2026-10-06,292
2026-10-07,469
2026-10-08,341
2026-10-09,331
2026-10-10,348
2026-10-11,332
2026-10-12,118
2026-10-13,197
2026-10-14,60
2026-10-15,303
2026-10-16,379
2026-10-17,409
2026-10-18,87
2026-10-19,183
2026-10-20,249
2026-10-21,72
2026-10-22,352
2026-10-23,395
2026-10-24,351
2026-10-25,412
2026-10-26,445
2026-10-27,267
2026-10-28,190
2026-10-29,153
2026-10-30,495
2026-10-31,259
2026-11-01,160
2026-11-02,153
2026-11-03,365
2026-11-04,220
2026-11-05,405
2026-11-06,373
2026-11-07,182
2026-11-08,425
2026-11-09,342
2026-11-10,377
2026-11-11,176
2026-11-12,155
2026-11-13,141
2026-11-14,336
2026-11-15,427
2026-11-16,442
2026-11-17,100
2026-11-18,78
2026-11-19,345
2026-11-20,346
2026-11-21,263
2026-11-22,316
2026-11-23,456
2026-11-24,306
2026-11-25,351
2026-11-26,150
2026-11-27,454
2026-11-28,395
2026-11-29,159
2026-11-30,469
2026-12-01,231
2026-12-02,362
2026-12-03,50
2026-12-04,368
2026-12-05,487
2026-12-06,104
2026-12-07,420
2026-12-08,473
2026-12-09,448
2026-12-10,198
2026-12-11,480
2026-12-12,358
2026-12-13,186
2026-12-14,251
2026-12-15,485
2026-12-16,362
2026-12-17,166
2026-12-18,203
2026-12-19,474
2026-12-20,340
2026-12-21,112
2026-12-22,293
2026-12-23,74
2026-12-24,139
2026-12-25,124
2026-12-26,343
2026-12-27,435
2026-12-28,440
2026-12-29,259
2026-12-30,467
2026-12-31,396
2027-01-01,66
2027-01-02,177
2027-01-03,476
2027-01-04,492
2027-01-05,413
2027-01-06,300
2027-01-07,228
2027-01-08,231
2027-01-09,201
2027-01-10,74
2027-01-11,229
2027-01-12,247
2027-01-13,393
2027-01-14,210
2027-01-15,226
2027-01-16,334
2027-01-17,112
2027-01-18,199
2027-01-19,203
2027-01-20,205
2027-01-21,419
2027-01-22,98
2027-01-23,386
2027-01-24,133
2027-01-25,410
2027-01-26,226
2027-01-27,197
2027-01-28,167
2027-01-29,391
2027-01-30,112
2027-01-31,238
2027-02-01,409
2027-02-02,98
2027-02-03,376
2027-02-04,306
2027-02-05,273
2027-02-06,190
2027-02-07,264
2027-02-08,484
2027-02-09,428
2027-02-10,489
2027-02-11,260
2027-02-12,367
2027-02-13,81
2027-02-14,207
2027-02-15,334
2027-02-16,354
2027-02-17,478
2027-02-18,335
2027-02-19,193
2027-02-20,473
2027-02-21,68
2027-02-22,67
2027-02-23,306
2027-02-24,127
2027-02-25,420
2027-02-26,224
2027-02-27,243
2027-02-28,162
2027-03-01,163
2027-03-02,271
2027-03-03,215
2027-03-04,484
2027-03-05,368
2027-03-06,181
2027-03-07,434
2027-03-08,313
2027-03-09,462
2027-03-10,104
2027-03-11,408
2027-03-12,180
2027-03-13,337
2027-03-14,315
2027-03-15,415
2027-03-16,211
2027-03-17,429
2027-03-18,136
2027-03-19,104
2027-03-20,337
2027-03-21,227
2027-03-22,440
2027-03-23,398
2027-03-24,57
2027-03-25,370
2027-03-26,362
2027-03-27,296
2027-03-28,372
2027-03-29,492
2027-03-30,304
2027-03-31,377
2027-04-01,103
2027-04-02,298
2027-04-03,288
2027-04-04,278
2027-04-05,116
2027-04-06,100
2027-04-07,146
2027-04-08,141
2027-04-09,313
2027-04-10,467
2027-04-11,340
2027-04-12,145
2027-04-13,137
2027-04-14,127
2027-04-15,337
2027-04-16,169
2027-04-17,351
2027-04-18,449
2027-04-19,214
2027-04-20,231
2027-04-21,447
2027-04-22,272
2027-04-23,360
2027-04-24,481
2027-04-25,56
2027-04-26,379
2027-04-27,312
2027-04-28,210
2027-04-29,200
2027-04-30,134
2027-05-01,196
2027-05-02,161
2027-05-03,430
2027-05-04,452
2027-05-05,85
2027-05-06,334
2027-05-07,237
2027-05-08,131
2027-05-09,51
2027-05-10,434
2027-05-11,352
2027-05-12,246
2027-05-13,453
2027-05-14,60
2027-05-15,283
2027-05-16,435
2027-05-17,244
2027-05-18,168
2027-05-19,445
2027-05-20,69
2027-05-21,310
2027-05-22,342
2027-05-23,471
2027-05-24,305
2027-05-25,271
2027-05-26,442
2027-05-27,275
2027-05-28,102
2027-05-29,477
2027-05-30,404
2027-05-31,391
2027-06-01,413
2027-06-02,329
2027-06-03,130
2027-06-04,251
2027-06-05,207
2027-06-06,169
2027-06-07,108
2027-06-08,264
2027-06-09,177
2027-06-10,273
2027-06-11,258
2027-06-12,419
2027-06-13,164
2027-06-14,258
2027-06-15,63
2027-06-16,58
2027-06-17,89
2027-06-18,499
2027-06-19,286
2027-06-20,330
2027-06-21,408
2027-06-22,250
2027-06-23,295
2027-06-24,327
2027-06-25,284
2027-06-26,53
2027-06-27,203
2027-06-28,491
2027-06-29,78
2027-06-30,158
2027-07-01,147
2027-07-02,264
2027-07-03,342
2027-07-04,124
2027-07-05,375
2027-07-06,195
2027-07-07,177
2027-07-08,390
2027-07-09,91
2027-07-10,405
2027-07-11,90
2027-07-12,471
2027-07-13,83
2027-07-14,66
2027-07-15,214
2027-07-16,202
2027-07-17,427
2027-07-18,125
2027-07-19,136
2027-07-20,166
2027-07-21,411
2027-07-22,391
2027-07-23,76
2027-07-24,362
2027-07-25,336
2027-07-26,183
2027-07-27,268
2027-07-28,217
2027-07-29,147
2027-07-30,317
2027-07-31,286
2027-08-01,358
2027-08-02,443
2027-08-03,222
2027-08-04,450
2027-08-05,459
2027-08-06,239
2027-08-07,171
2027-08-08,95
2027-08-09,113
2027-08-10,179
2027-08-11,359
2027-08-12,412
2027-08-13,242
2027-08-14,356
2027-08-15,230
2027-08-16,341
2027-08-17,420
2027-08-18,331
2027-08-19,78
2027-08-20,198
2027-08-21,316
2027-08-22,345
2027-08-23,60
2027-08-24,213
2027-08-25,162
2027-08-26,236
2027-08-27,344
2027-08-28,281
2027-08-29,276
2027-08-30,359
2027-08-31,147
2027-09-01,104
2027-09-02,160
2027-09-03,201
2027-09-04,295
2027-09-05,455
2027-09-06,118
2027-09-07,361
2027-09-08,338
2027-09-09,299
2027-09-10,85
2027-09-11,288
2027-09-12,197
2027-09-13,276
2027-09-14,293
2027-09-15,386
2027-09-16,495
2027-09-17,414
2027-09-18,250
2027-09-19,203
2027-09-20,499
2027-09-21,122
2027-09-22,250
2027-09-23,345
2027-09-24,66
2027-09-25,178
2027-09-26,266
2027-09-27,110
2027-09-28,476
2027-09-29,153
2027-09-30,91
2027-10-01,74
2027-10-02,88
2027-10-03,340
2027-10-04,180
2027-10-05,278
2027-10-06,157
2027-10-07,221
2027-10-08,484
2027-10-09,151
2027-10-10,403
2027-10-11,61
2027-10-12,324
2027-10-13,150
2027-10-14,93
2027-10-15,492
2027-10-16,354
2027-10-17,494
2027-10-18,66
2027-10-19,379
2027-10-20,106
2027-10-21,360
2027-10-22,352
2027-10-23,61
2027-10-24,367
2027-10-25,129
2027-10-26,265
2027-10-27,388
2027-10-28,313
2027-10-29,198
2027-10-30,130
2027-10-31,264
2027-11-01,423
2027-11-02,247
2027-11-03,249
2027-11-04,74
2027-11-05,138
2027-11-06,317
2027-11-07,192
2027-11-08,108
2027-11-09,459
2027-11-10,414
2027-11-11,75
2027-11-12,96
2027-11-13,337
2027-11-14,315
2027-11-15,65
2027-11-16,248
2027-11-17,450
2027-11-18,456
2027-11-19,331
2027-11-20,135
2027-11-21,299
2027-11-22,440
2027-11-23,319
2027-11-24,384
2027-11-25,166
2027-11-26,56
2027-11-27,186
2027-11-28,420
2027-11-29,225
2027-11-30,377
2027-12-01,364
2027-12-02,264
2027-12-03,131
2027-12-04,272
2027-12-05,421
2027-12-06,472
2027-12-07,451
2027-12-08,492
2027-12-09,152
2027-12-10,322
2027-12-11,63
2027-12-12,208
2027-12-13,201
2027-12-14,157
2027-12-15,237
2027-12-16,350
2027-12-17,147
2027-12-18,180
2027-12-19,342
2027-12-20,220
2027-12-21,473
2027-12-22,232
2027-12-23,413
2027-12-24,88
2027-12-25,64
2027-12-26,425
2027-12-27,53
2027-12-28,398
2027-12-29,458
2027-12-30,446
2027-12-31,259
2028-01-01,210
2028-01-02,65
2028-01-03,475
2028-01-04,157
2028-01-05,431
2028-01-06,499
2028-01-07,360
2028-01-08,276
2028-01-09,219
2028-01-10,83
2028-01-11,463
2028-01-12,300
2028-01-13,296
2028-01-14,318
2028-01-15,190
2028-01-16,323
2028-01-17,465
2028-01-18,145
2028-01-19,276
2028-01-20,428
2028-01-21,88
2028-01-22,351
2028-01-23,78
2028-01-24,495
2028-01-25,367
2028-01-26,294
2028-01-27,285
2028-01-28,234
2028-01-29,321
2028-01-30,489
2028-01-31,285
2028-02-01,288
2028-02-02,426
2028-02-03,315
2028-02-04,463
2028-02-05,458
2028-02-06,408
2028-02-07,389
2028-02-08,438
2028-02-09,114
2028-02-10,226
2028-02-11,52
2028-02-12,478
2028-02-13,191
2028-02-14,425
2028-02-15,207
2028-02-16,373
2028-02-17,195
2028-02-18,495
2028-02-19,342
2028-02-20,202
2028-02-21,481
2028-02-22,242
2028-02-23,486
2028-02-24,122
2028-02-25,448
2028-02-26,354
2028-02-27,426
2028-02-28,393
2028-02-29,189
2028-03-01,236
2028-03-02,342
2028-03-03,110
2028-03-04,476
2028-03-05,429
2028-03-06,247
2028-03-07,344
2028-03-08,489
2028-03-09,368
2028-03-10,351
2028-03-11,393
2028-03-12,60
2028-03-13,111
2028-03-14,382
2028-03-15,275
2028-03-16,202
2028-03-17,248
2028-03-18,101
2028-03-19,309
2028-03-20,108
2028-03-21,121
2028-03-22,197
2028-03-23,398
2028-03-24,112
2028-03-25,359
2028-03-26,422
2028-03-27,292
2028-03-28,415
2028-03-29,379
2028-03-30,156
2028-03-31,275
2028-04-01,362
2028-04-02,267
2028-04-03,474
2028-04-04,290
2028-04-05,308
2028-04-06,425
2028-04-07,311
2028-04-08,54
2028-04-09,310
2028-04-10,103
2028-04-11,96
2028-04-12,264
2028-04-13,226
2028-04-14,58
2028-04-15,148
2028-04-16,69
2028-04-17,427
2028-04-18,290
2028-04-19,110
2028-04-20,428
2028-04-21,468
2028-04-22,227
2028-04-23,387
2028-04-24,111
2028-04-25,194
2028-04-26,265
2028-04-27,52
2028-04-28,209
2028-04-29,276
2028-04-30,318
2028-05-01,169
2028-05-02,430
2028-05-03,138
2028-05-04,378
2028-05-05,117
2028-05-06,447
2028-05-07,406
2028-05-08,147
2028-05-09,316
2028-05-10,154
2028-05-11,489
2028-05-12,372
2028-05-13,172
2028-05-14,78
2028-05-15,186
2028-05-16,244
2028-05-17,458
2028-05-18,275
2028-05-19,381
2028-05-20,219
2028-05-21,58
2028-05-22,89
2028-05-23,74
2028-05-24,310
2028-05-25,444
2028-05-26,492
2028-05-27,275
2028-05-28,173
2028-05-29,87
2028-05-30,377
2028-05-31,300
2028-06-01,438
2028-06-02,225
2028-06-03,139
2028-06-04,451
2028-06-05,86
2028-06-06,365
2028-06-07,225
2028-06-08,333
2028-06-09,130
2028-06-10,163
2028-06-11,89
2028-06-12,350
2028-06-13,273
2028-06-14,367
2028-06-15,398
2028-06-16,164
2028-06-17,235
2028-06-18,372
2028-06-19,105
2028-06-20,89
2028-06-21,403
2028-06-22,89
2028-06-23,396
2028-06-24,286
2028-06-25,338
2028-06-26,311
2028-06-27,265
2028-06-28,196
2028-06-29,385
2028-06-30,217
2028-07-01,141
2028-07-02,402
2028-07-03,108
2028-07-04,108
2028-07-05,353
2028-07-06,218
2028-07-07,318
2028-07-08,412
2028-07-09,94
2028-07-10,394
2028-07-11,230
2028-07-12,219
2028-07-13,405
2028-07-14,240
2028-07-15,204
2028-07-16,471
2028-07-17,237
2028-07-18,56
2028-07-19,182
2028-07-20,284
2028-07-21,94
2028-07-22,363
2028-07-23,298
2028-07-24,80
2028-07-25,72
2028-07-26,475
2028-07-27,443
2028-07-28,209
2028-07-29,412
2028-07-30,486
2028-07-31,207
2028-08-01,88
2028-08-02,464
2028-08-03,131
2028-08-04,405
2028-08-05,307
2028-08-06,255
2028-08-07,126
2028-08-08,61
2028-08-09,344
2028-08-10,499
2028-08-11,273
2028-08-12,62
2028-08-13,95
2028-08-14,204
2028-08-15,162
2028-08-16,282
2028-08-17,66
2028-08-18,409
2028-08-19,272
2028-08-20,403
2028-08-21,237
2028-08-22,497
2028-08-23,393
2028-08-24,414
2028-08-25,212
2028-08-26,375
2028-08-27,463
2028-08-28,123
2028-08-29,282
2028-08-30,273
2028-08-31,368
2028-09-01,461
2028-09-02,109
2028-09-03,384
2028-09-04,271
2028-09-05,86
2028-09-06,327
2028-09-07,245
2028-09-08,453
2028-09-09,401
2028-09-10,291
2028-09-11,373
2028-09-12,268
2028-09-13,241
2028-09-14,66
2028-09-15,61
2028-09-16,455
2028-09-17,450
2028-09-18,443
2028-09-19,423
2028-09-20,242
2028-09-21,71
2028-09-22,169
2028-09-23,259
2028-09-24,355
2028-09-25,319
2028-09-26,241
2028-09-27,224
2028-09-28,334
2028-09-29,253
2028-09-30,213
2028-10-01,300
2028-10-02,276
2028-10-03,485
2028-10-04,430
2028-10-05,56
2028-10-06,78
2028-10-07,444
2028-10-08,82
2028-10-09,183
2028-10-10,416
2028-10-11,128
2028-10-12,465
2028-10-13,484
2028-10-14,107
2028-10-15,75
2028-10-16,479
2028-10-17,275
2028-10-18,334
2028-10-19,53
2028-10-20,148
2028-10-21,446
2028-10-22,88
2028-10-23,320
2028-10-24,424
2028-10-25,334
2028-10-26,206
2028-10-27,124
2028-10-28,421
2028-10-29,337
2028-10-30,179
2028-10-31,224
2028-11-01,133
2028-11-02,71
2028-11-03,76
2028-11-04,244
2028-11-05,386
2028-11-06,431
2028-11-07,285
2028-11-08,489
2028-11-09,141
2028-11-10,70
2028-11-11,352
2028-11-12,406
2028-11-13,492
2028-11-14,133
2028-11-15,311
2028-11-16,196
2028-11-17,490
2028-11-18,436
2028-11-19,306
2028-11-20,107
2028-11-21,429
2028-11-22,471
2028-11-23,64
2028-11-24,211
2028-11-25,494
2028-11-26,212
2028-11-27,369
2028-11-28,330
2028-11-29,329
2028-11-30,61
2028-12-01,323
2028-12-02,320
2028-12-03,257
2028-12-04,76
2028-12-05,121
2028-12-06,109
2028-12-07,479
2028-12-08,194
2028-12-09,142
2028-12-10,358
2028-12-11,57
2028-12-12,128
2028-12-13,76
2028-12-14,223
2028-12-15,99
2028-12-16,248
2028-12-17,436
2028-12-18,398
2028-12-19,497
2028-12-20,477
2028-12-21,230
2028-12-22,73
2028-12-23,365
2028-12-24,427
2028-12-25,436
2028-12-26,453
2028-12-27,95
2028-12-28,64
2028-12-29,202
2028-12-30,271
2028-12-31,255
2029-01-01,322
2029-01-02,431
2029-01-03,285
2029-01-04,389
2029-01-05,277
2029-01-06,58
2029-01-07,215
2029-01-08,481
2029-01-09,493
2029-01-10,368
2029-01-11,263
2029-01-12,166
2029-01-13,435
2029-01-14,393
2029-01-15,121
2029-01-16,444
2029-01-17,113
2029-01-18,254
2029-01-19,258
2029-01-20,121
2029-01-21,326
2029-01-22,323
2029-01-23,369
2029-01-24,387
2029-01-25,415
2029-01-26,144
2029-01-27,215
2029-01-28,81
2029-01-29,60
2029-01-30,350
2029-01-31,266
2029-02-01,338
2029-02-02,151
2029-02-03,474
2029-02-04,441
2029-02-05,316
2029-02-06,263
2029-02-07,228
2029-02-08,137
2029-02-09,90
2029-02-10,450
2029-02-11,125
2029-02-12,426
2029-02-13,95
2029-02-14,209
2029-02-15,129
2029-02-16,359
2029-02-17,135
2029-02-18,141
2029-02-19,197
2029-02-20,210
2029-02-21,251
2029-02-22,473
2029-02-23,465
2029-02-24,291
2029-02-25,402
2029-02-26,51
2029-02-27,274
2029-02-28,338
2029-03-01,282
2029-03-02,463
2029-03-03,466
2029-03-04,126
2029-03-05,165
2029-03-06,203
2029-03-07,455
2029-03-08,152
2029-03-09,243
2029-03-10,215
2029-03-11,408
2029-03-12,139
2029-03-13,223
2029-03-14,171
2029-03-15,192
2029-03-16,155
2029-03-17,424
2029-03-18,477
2029-03-19,354
2029-03-20,409
2029-03-21,366
2029-03-22,172
2029-03-23,439
2029-03-24,58
2029-03-25,311
2029-03-26,122
2029-03-27,408
2029-03-28,272
2029-03-29,465
2029-03-30,90
2029-03-31,419
2029-04-01,253
2029-04-02,313
2029-04-03,377
2029-04-04,227
2029-04-05,397
2029-04-06,367
2029-04-07,133
2029-04-08,367
2029-04-09,160
2029-04-10,300
2029-04-11,432
2029-04-12,56
2029-04-13,133
2029-04-14,257
2029-04-15,437
2029-04-16,439
2029-04-17,363
2029-04-18,71
2029-04-19,459
2029-04-20,432
2029-04-21,52
2029-04-22,176
2029-04-23,346
2029-04-24,237
2029-04-25,411
2029-04-26,63
2029-04-27,61
2029-04-28,136
2029-04-29,61
2029-04-30,446
2029-05-01,74
2029-05-02,350
2029-05-03,292
2029-05-04,171
2029-05-05,196
2029-05-06,104
2029-05-07,287
2029-05-08,405
2029-05-09,222
2029-05-10,441
2029-05-11,270
2029-05-12,168
2029-05-13,358
2029-05-14,232
2029-05-15,337
2029-05-16,356
2029-05-17,349
2029-05-18,131
2029-05-19,451
2029-05-20,260
2029-05-21,199
2029-05-22,86
2029-05-23,401
2029-05-24,361
2029-05-25,410
2029-05-26,108
2029-05-27,180
2029-05-28,461
2029-05-29,251
2029-05-30,292
2029-05-31,84
2029-06-01,494
2029-06-02,142
2029-06-03,487
2029-06-04,496
2029-06-05,256
2029-06-06,402
2029-06-07,440
2029-06-08,381
2029-06-09,354
2029-06-10,399
2029-06-11,262
2029-06-12,208
2029-06-13,491
2029-06-14,494
2029-06-15,73
2029-06-16,453
2029-06-17,342
2029-06-18,53
2029-06-19,269
2029-06-20,413
2029-06-21,431
2029-06-22,69
2029-06-23,493
2029-06-24,201
2029-06-25,99
2029-06-26,226
2029-06-27,484
2029-06-28,145
2029-06-29,154
2029-06-30,469
2029-07-01,299
2029-07-02,166
2029-07-03,403
2029-07-04,277
2029-07-05,115
2029-07-06,384
2029-07-07,467
2029-07-08,469
2029-07-09,311
2029-07-10,344
2029-07-11,475
2029-07-12,292
2029-07-13,420
2029-07-14,235
2029-07-15,295
2029-07-16,174
2029-07-17,317
2029-07-18,180
2029-07-19,286
2029-07-20,67
2029-07-21,89
2029-07-22,70
2029-07-23,448
2029-07-24,274
2029-07-25,404
2029-07-26,331
2029-07-27,57
2029-07-28,149
2029-07-29,289
2029-07-30,136
2029-07-31,347
2029-08-01,477
2029-08-02,63
2029-08-03,383
2029-08-04,51
2029-08-05,424
2029-08-06,342
2029-08-07,374
2029-08-08,471
2029-08-09,90
2029-08-10,367
2029-08-11,365
2029-08-12,430
2029-08-13,160
2029-08-14,63
2029-08-15,280
2029-08-16,133
2029-08-17,179
2029-08-18,280
2029-08-19,375
2029-08-20,194
2029-08-21,428
2029-08-22,394
2029-08-23,77
2029-08-24,115
2029-08-25,212
2029-08-26,278
2029-08-27,310
2029-08-28,498
2029-08-29,473
2029-08-30,489
2029-08-31,213
2029-09-01,350
2029-09-02,456
2029-09-03,352
2029-09-04,336
2029-09-05,444
2029-09-06,59
2029-09-07,244
2029-09-08,167
2029-09-09,319
2029-09-10,129
2029-09-11,142
2029-09-12,315
2029-09-13,381
2029-09-14,399
2029-09-15,410
2029-09-16,306
2029-09-17,182
2029-09-18,325
2029-09-19,313
2029-09-20,220
2029-09-21,50
2029-09-22,362
2029-09-23,113
2029-09-24,423
2029-09-25,333
2029-09-26,170
2029-09-27,156
2029-09-28,470
2029-09-29,224
2029-09-30,253
2029-10-01,214
2029-10-02,354
2029-10-03,169
2029-10-04,93
2029-10-05,361
2029-10-06,205
2029-10-07,416
2029-10-08,256
2029-10-09,439
2029-10-10,157
2029-10-11,300
2029-10-12,494
2029-10-13,453
2029-10-14,419
2029-10-15,383
2029-10-16,179
2029-10-17,342
2029-10-18,69
2029-10-19,331
2029-10-20,334
2029-10-21,50
2029-10-22,168
2029-10-23,84
2029-10-24,247
2029-10-25,294
2029-10-26,108
2029-10-27,374
2029-10-28,210
2029-10-29,228
2029-10-30,255
2029-10-31,61
2029-11-01,325
2029-11-02,230
2029-11-03,291
2029-11-04,265
2029-11-05,300
2029-11-06,348
2029-11-07,175
2029-11-08,266
2029-11-09,355
2029-11-10,334
2029-11-11,234
2029-11-12,88
2029-11-13,272
2029-11-14,233
2029-11-15,476
2029-11-16,227
2029-11-17,456
2029-11-18,477
2029-11-19,343
2029-11-20,389
2029-11-21,200
2029-11-22,433
2029-11-23,175
2029-11-24,350
2029-11-25,357
2029-11-26,385
2029-11-27,483
2029-11-28,283
2029-11-29,429
2029-11-30,424
2029-12-01,57
2029-12-02,390
2029-12-03,178
2029-12-04,313
2029-12-05,206
2029-12-06,401
2029-12-07,407
2029-12-08,54
2029-12-09,135
2029-12-10,224
2029-12-11,339
2029-12-12,242
2029-12-13,360
2029-12-14,168
2029-12-15,267
2029-12-16,476
2029-12-17,463
2029-12-18,163
2029-12-19,194
2029-12-20,75
2029-12-21,185
2029-12-22,352
2029-12-23,281
2029-12-24,418
2029-12-25,125
2029-12-26,377
2029-12-27,394
2029-12-28,351
2029-12-29,338
2029-12-30,50
2029-12-31,196
2030-01-01,336
2030-01-02,191
2030-01-03,102
2030-01-04,353
2030-01-05,118
2030-01-06,410
2030-01-07,139
2030-01-08,495
2030-01-09,269
2030-01-10,499
2030-01-11,241
2030-01-12,112
2030-01-13,122
2030-01-14,210
2030-01-15,218
2030-01-16,138
2030-01-17,225
2030-01-18,318
2030-01-19,122
2030-01-20,294
2030-01-21,126
2030-01-22,208
2030-01-23,373
2030-01-24,147
2030-01-25,430
2030-01-26,151
2030-01-27,181
2030-01-28,151
2030-01-29,68
2030-01-30,131
2030-01-31,446
2030-02-01,328
2030-02-02,388
2030-02-03,414
2030-02-04,380
2030-02-05,178
2030-02-06,393
2030-02-07,359
2030-02-08,138
2030-02-09,262
2030-02-10,192
2030-02-11,114
2030-02-12,125
2030-02-13,248
2030-02-14,192
2030-02-15,454
2030-02-16,452
2030-02-17,365
2030-02-18,142
2030-02-19,466
2030-02-20,354
2030-02-21,273
2030-02-22,340
2030-02-23,477
2030-02-24,151
2030-02-25,316
2030-02-26,404
2030-02-27,159
2030-02-28,379
2030-03-01,499
2030-03-02,479
2030-03-03,314
2030-03-04,52
2030-03-05,134
2030-03-06,331
2030-03-07,377
2030-03-08,353
2030-03-09,499
2030-03-10,461
2030-03-11,166
2030-03-12,270
2030-03-13,203
2030-03-14,202
2030-03-15,61
2030-03-16,182
2030-03-17,353
2030-03-18,342
2030-03-19,349
2030-03-20,277
2030-03-21,320
2030-03-22,92
2030-03-23,481
2030-03-24,392
2030-03-25,375
2030-03-26,351
2030-03-27,413
2030-03-28,428
2030-03-29,476
2030-03-30,70
2030-03-31,456
2030-04-01,156
2030-04-02,385
2030-04-03,352
2030-04-04,166
2030-04-05,173
2030-04-06,448
2030-04-07,330
2030-04-08,341
2030-04-09,252
2030-04-10,100
2030-04-11,320
2030-04-12,373
2030-04-13,326
2030-04-14,190
2030-04-15,324
2030-04-16,339
2030-04-17,383
2030-04-18,430
2030-04-19,422
2030-04-20,101
2030-04-21,76
2030-04-22,206
2030-04-23,288
2030-04-24,205
2030-04-25,340
2030-04-26,185
2030-04-27,193
2030-04-28,155
2030-04-29,469
2030-04-30,207
2030-05-01,195
2030-05-02,51
2030-05-03,482
2030-05-04,126
2030-05-05,181
2030-05-06,139
2030-05-07,394
2030-05-08,399
2030-05-09,312
2030-05-10,400
2030-05-11,157
2030-05-12,123
2030-05-13,88
2030-05-14,446
2030-05-15,208
2030-05-16,120
2030-05-17,496
2030-05-18,361
2030-05-19,290
2030-05-20,475
2030-05-21,494
2030-05-22,347
2030-05-23,489
2030-05-24,85
2030-05-25,133
2030-05-26,423
2030-05-27,312
2030-05-28,359
2030-05-29,434
2030-05-30,221
2030-05-31,425
2030-06-01,222
2030-06-02,411
2030-06-03,96
2030-06-04,428
2030-06-05,190
2030-06-06,424
2030-06-07,455
2030-06-08,167
2030-06-09,326
2030-06-10,263
2030-06-11,269
2030-06-12,442
2030-06-13,75
2030-06-14,58
2030-06-15,320
2030-06-16,59
2030-06-17,427
2030-06-18,170
2030-06-19,174
2030-06-20,219
2030-06-21,121
2030-06-22,201
2030-06-23,257
2030-06-24,98
2030-06-25,203
2030-06-26,396
2030-06-27,342
2030-06-28,117
2030-06-29,99
2030-06-30,201
2030-07-01,68
2030-07-02,149
2030-07-03,109
2030-07-04,216
2030-07-05,251
2030-07-06,394
2030-07-07,195
2030-07-08,452
2030-07-09,213
2030-07-10,488
2030-07-11,291
2030-07-12,118
2030-07-13,224
2030-07-14,98
2030-07-15,157
2030-07-16,275
2030-07-17,210
2030-07-18,168
2030-07-19,198
2030-07-20,199
2030-07-21,481
2030-07-22,342
2030-07-23,192
2030-07-24,468
2030-07-25,209
2030-07-26,60
2030-07-27,187
2030-07-28,127
2030-07-29,126
2030-07-30,490
2030-07-31,303
2030-08-01,458
2030-08-02,307
2030-08-03,369
2030-08-04,340
2030-08-05,312
2030-08-06,134
2030-08-07,195
2030-08-08,372
2030-08-09,91
2030-08-10,423
2030-08-11,174
2030-08-12,216
2030-08-13,474
2030-08-14,290
2030-08-15,329
2030-08-16,237
2030-08-17,351
2030-08-18,68
2030-08-19,117
2030-08-20,267
2030-08-21,151
2030-08-22,91
2030-08-23,337
2030-08-24,216
2030-08-25,158
2030-08-26,85
2030-08-27,281
2030-08-28,278
2030-08-29,402
2030-08-30,213
2030-08-31,436
2030-09-01,122
2030-09-02,185
2030-09-03,402
2030-09-04,428
2030-09-05,119
2030-09-06,474
2030-09-07,245
2030-09-08,318
2030-09-09,98
2030-09-10,365
2030-09-11,179
2030-09-12,493
2030-09-13,54
2030-09-14,477
2030-09-15,76
2030-09-16,209
2030-09-17,198
2030-09-18,313
2030-09-19,279
2030-09-20,249
2030-09-21,99
2030-09-22,116
2030-09-23,349
2030-09-24,430
2030-09-25,107
2030-09-26,308
2030-09-27,391
2030-09-28,375
2030-09-29,179
2030-09-30,264
2030-10-01,221
2030-10-02,307
2030-10-03,151
2030-10-04,258
2030-10-05,340
2030-10-06,403
2030-10-07,335
2030-10-08,165
2030-10-09,313
2030-10-10,199
2030-10-11,349
2030-10-12,491
2030-10-13,85
2030-10-14,382
2030-10-15,336
2030-10-16,352
2030-10-17,360
2030-10-18,257
2030-10-19,155
2030-10-20,495
2030-10-21,207
2030-10-22,170
2030-10-23,104
2030-10-24,449
2030-10-25,61
2030-10-26,194
2030-10-27,449
2030-10-28,445
2030-10-29,185
2030-10-30,52
2030-10-31,193
2030-11-01,79
2030-11-02,286
2030-11-03,328
2030-11-04,397
2030-11-05,164
2030-11-06,153
2030-11-07,167
2030-11-08,54
2030-11-09,409
2030-11-10,297
2030-11-11,413
2030-11-12,370
2030-11-13,170
2030-11-14,335
2030-11-15,198
2030-11-16,133
2030-11-17,455
2030-11-18,280
2030-11-19,337
2030-11-20,210
2030-11-21,321
2030-11-22,87
2030-11-23,275
2030-11-24,191
2030-11-25,341
2030-11-26,200
2030-11-27,163
2030-11-28,286
2030-11-29,115
2030-11-30,410
2030-12-01,390
2030-12-02,307
2030-12-03,298
2030-12-04,498
2030-12-05,380
2030-12-06,372
2030-12-07,229
2030-12-08,239
2030-12-09,456
2030-12-10,203
2030-12-11,245
2030-12-12,360
2030-12-13,311
2030-12-14,468
2030-12-15,455
2030-12-16,476
2030-12-17,192
2030-12-18,391
2030-12-19,365
2030-12-20,150
2030-12-21,293
2030-12-22,61
2030-12-23,288
2030-12-24,98
2030-12-25,91
2030-12-26,215
2030-12-27,131
2030-12-28,478
2030-12-29,340
2030-12-30,207
2030-12-31,265
2031-01-01,207
2031-01-02,183
2031-01-03,116
2031-01-04,385
2031-01-05,56
2031-01-06,485
2031-01-07,63
2031-01-08,122
2031-01-09,448
2031-01-10,454
2031-01-11,212
2031-01-12,115
2031-01-13,396
2031-01-14,179
2031-01-15,468
2031-01-16,255
2031-01-17,325
2031-01-18,305
2031-01-19,315
2031-01-20,74
2031-01-21,499
2031-01-22,330
2031-01-23,302
2031-01-24,359
2031-01-25,338
2031-01-26,213
2031-01-27,144
2031-01-28,319
2031-01-29,370
2031-01-30,159
2031-01-31,385
2031-02-01,359
2031-02-02,287
2031-02-03,430
2031-02-04,485
2031-02-05,436
2031-02-06,474
2031-02-07,439
2031-02-08,74
2031-02-09,190
2031-02-10,166
2031-02-11,441
2031-02-12,454
2031-02-13,74
2031-02-14,128
2031-02-15,117
2031-02-16,222
2031-02-17,493
2031-02-18,61
2031-02-19,337
2031-02-20,177
2031-02-21,145
2031-02-22,141
2031-02-23,190
2031-02-24,80
2031-02-25,383
2031-02-26,69
2031-02-27,195
2031-02-28,365
2031-03-01,496
2031-03-02,439
2031-03-03,209
2031-03-04,398
2031-03-05,92
2031-03-06,303
2031-03-07,179
2031-03-08,109
2031-03-09,200
2031-03-10,336
2031-03-11,54
2031-03-12,467
2031-03-13,315
2031-03-14,394
2031-03-15,179
2031-03-16,431
2031-03-17,316
2031-03-18,227
2031-03-19,302
2031-03-20,464
2031-03-21,105
2031-03-22,132
2031-03-23,442
2031-03-24,148
2031-03-25,198
2031-03-26,378
2031-03-27,205
2031-03-28,239
2031-03-29,420
2031-03-30,312
2031-03-31,129
2031-04-01,449
2031-04-02,301
2031-04-03,146
2031-04-04,309
2031-04-05,309
2031-04-06,152
2031-04-07,89
2031-04-08,322
2031-04-09,150
2031-04-10,408
2031-04-11,429
2031-04-12,357
2031-04-13,270
2031-04-14,357
2031-04-15,469
2031-04-16,173
2031-04-17,471
2031-04-18,280
2031-04-19,227
2031-04-20,112
2031-04-21,165
2031-04-22,240
2031-04-23,111
2031-04-24,305
2031-04-25,56
2031-04-26,204
2031-04-27,141
2031-04-28,63
2031-04-29,278
2031-04-30,135
2031-05-01,182
2031-05-02,232
2031-05-03,435
2031-05-04,111
2031-05-05,268
2031-05-06,454
2031-05-07,295
2031-05-08,279
2031-05-09,128
2031-05-10,198
2031-05-11,187
2031-05-12,363
2031-05-13,425
2031-05-14,472
2031-05-15,438
2031-05-16,114
2031-05-17,62
2031-05-18,262
2031-05-19,291
2031-05-20,262
2031-05-21,230
2031-05-22,387
2031-05-23,222
2031-05-24,209
2031-05-25,213
2031-05-26,237
2031-05-27,444
2031-05-28,240
2031-05-29,454
2031-05-30,357
2031-05-31,305
2031-06-01,232
2031-06-02,166
2031-06-03,331
2031-06-04,245
2031-06-05,83
2031-06-06,101
2031-06-07,161
2031-06-08,301
2031-06-09,131
2031-06-10,281
2031-06-11,276
2031-06-12,282
2031-06-13,270
2031-06-14,485
2031-06-15,462
2031-06-16,471
2031-06-17,91
2031-06-18,70
2031-06-19,91
2031-06-20,446
2031-06-21,162
2031-06-22,154
2031-06-23,241
2031-06-24,66
2031-06-25,169
2031-06-26,442
2031-06-27,474
2031-06-28,178
2031-06-29,179
2031-06-30,109
2031-07-01,97
2031-07-02,78
2031-07-03,146
2031-07-04,59
2031-07-05,291
2031-07-06,363
2031-07-07,493
2031-07-08,281
2031-07-09,326
2031-07-10,333
2031-07-11,252
2031-07-12,296
2031-07-13,339
2031-07-14,313
2031-07-15,492
2031-07-16,263
2031-07-17,249
2031-07-18,482
2031-07-19,128
2031-07-20,450
2031-07-21,493
2031-07-22,392
2031-07-23,393
2031-07-24,222
2031-07-25,118
2031-07-26,465
2031-07-27,477
2031-07-28,498
2031-07-29,136
2031-07-30,150
2031-07-31,57
2031-08-01,382
2031-08-02,249
2031-08-03,136
2031-08-04,92
2031-08-05,434
2031-08-06,158
2031-08-07,484
2031-08-08,457
2031-08-09,201
2031-08-10,66
2031-08-11,182
2031-08-12,197
2031-08-13,326
2031-08-14,281
2031-08-15,363
2031-08-16,464
2031-08-17,415
2031-08-18,277
2031-08-19,188
2031-08-20,485
2031-08-21,448
2031-08-22,260
2031-08-23,440
2031-08-24,77
2031-08-25,100
2031-08-26,491
2031-08-27,310
2031-08-28,310
2031-08-29,399
2031-08-30,401
2031-08-31,57
2031-09-01,369
2031-09-02,187
2031-09-03,87
2031-09-04,160
2031-09-05,417
2031-09-06,269
2031-09-07,386
2031-09-08,272
2031-09-09,185
2031-09-10,305
2031-09-11,409
2031-09-12,458
2031-09-13,378
2031-09-14,499
2031-09-15,483
2031-09-16,98
2031-09-17,341
2031-09-18,431
2031-09-19,373
2031-09-20,127
2031-09-21,154
2031-09-22,218
2031-09-23,266
2031-09-24,427
2031-09-25,168
2031-09-26,239
2031-09-27,304
2031-09-28,419
2031-09-29,315
2031-09-30,198
2031-10-01,213
2031-10-02,189
2031-10-03,396
2031-10-04,307
2031-10-05,423
2031-10-06,318
2031-10-07,230
2031-10-08,209
2031-10-09,400
2031-10-10,449
2031-10-11,337
2031-10-12,337
2031-10-13,429
2031-10-14,275
2031-10-15,60
2031-10-16,59
2031-10-17,320
2031-10-18,322
2031-10-19,473
2031-10-20,451
2031-10-21,232
2031-10-22,202
2031-10-23,364
2031-10-24,383
2031-10-25,173
2031-10-26,163
2031-10-27,327
2031-10-28,463
2031-10-29,262
2031-10-30,221
2031-10-31,337
2031-11-01,484
2031-11-02,223
2031-11-03,162
2031-11-04,425
2031-11-05,454
2031-11-06,171
2031-11-07,81
2031-11-08,271
2031-11-09,168
2031-11-10,88
2031-11-11,317
2031-11-12,282
2031-11-13,480
2031-11-14,67
2031-11-15,198
2031-11-16,446
2031-11-17,198
2031-11-18,175
2031-11-19,441
2031-11-20,351
2031-11-21,409
2031-11-22,287
2031-11-23,184
2031-11-24,200
2031-11-25,285
2031-11-26,273
2031-11-27,252
2031-11-28,305
2031-11-29,135
2031-11-30,199
2031-12-01,284
2031-12-02,394
2031-12-03,71
2031-12-04,397
2031-12-05,334
2031-12-06,318
2031-12-07,307
2031-12-08,78
2031-12-09,262
2031-12-10,485
2031-12-11,332
2031-12-12,99
2031-12-13,144
2031-12-14,456
2031-12-15,137
2031-12-16,93
2031-12-17,327
2031-12-18,220
2031-12-19,470
2031-12-20,238
2031-12-21,402
2031-12-22,233
2031-12-23,52
2031-12-24,240
2031-12-25,167
2031-12-26,68
2031-12-27,72
2031-12-28,462
2031-12-29,79
2031-12-30,344
2031-12-31,157
2032-01-01,416
2032-01-02,330
2032-01-03,177
2032-01-04,278
2032-01-05,160
2032-01-06,185
2032-01-07,411
2032-01-08,235
2032-01-09,193
2032-01-10,121
2032-01-11,178
2032-01-12,413
2032-01-13,310
2032-01-14,52
2032-01-15,498
2032-01-16,437
2032-01-17,153
2032-01-18,273
2032-01-19,369
2032-01-20,411
2032-01-21,403
2032-01-22,59
2032-01-23,454
2032-01-24,433
2032-01-25,351
2032-01-26,280
2032-01-27,268
2032-01-28,460
2032-01-29,115
2032-01-30,474
2032-01-31,161
2032-02-01,62
2032-02-02,442
2032-02-03,469
2032-02-04,135
2032-02-05,283
2032-02-06,139
2032-02-07,363
2032-02-08,103
2032-02-09,61
2032-02-10,258
2032-02-11,63
2032-02-12,170
2032-02-13,467
2032-02-14,486
2032-02-15,426
2032-02-16,69
2032-02-17,124
2032-02-18,449
2032-02-19,292
2032-02-20,272
2032-02-21,119
2032-02-22,361
2032-02-23,260
2032-02-24,150
2032-02-25,235
2032-02-26,181
2032-02-27,160
2032-02-28,430
2032-02-29,181
2032-03-01,69
2032-03-02,443
2032-03-03,73
2032-03-04,276
2032-03-05,203
2032-03-06,342
2032-03-07,279
2032-03-08,359
2032-03-09,408
2032-03-10,454
2032-03-11,251
2032-03-12,87
2032-03-13,479
2032-03-14,309
2032-03-15,237
2032-03-16,106
2032-03-17,478
2032-03-18,69
2032-03-19,322
2032-03-20,168
2032-03-21,120
2032-03-22,53
2032-03-23,270
2032-03-24,63
2032-03-25,52
2032-03-26,265
2032-03-27,278
2032-03-28,385
2032-03-29,235
2032-03-30,104
2032-03-31,437
2032-04-01,425
2032-04-02,303
2032-04-03,73
2032-04-04,211
2032-04-05,207
2032-04-06,131
2032-04-07,452
2032-04-08,208
2032-04-09,237
2032-04-10,109
2032-04-11,452
2032-04-12,354
2032-04-13,368
2032-04-14,415
2032-04-15,260
2032-04-16,455
2032-04-17,201
2032-04-18,158
2032-04-19,125
2032-04-20,79
2032-04-21,363
2032-04-22,166
2032-04-23,464
2032-04-24,405
2032-04-25,241
2032-04-26,68
2032-04-27,481
2032-04-28,222
2032-04-29,277
2032-04-30,399
2032-05-01,232
2032-05-02,162
2032-05-03,232
2032-05-04,195
2032-05-05,368
2032-05-06,165
2032-05-07,162
2032-05-08,300
2032-05-09,300
2032-05-10,352
2032-05-11,362
2032-05-12,167
2032-05-13,350
2032-05-14,210
2032-05-15,450
2032-05-16,247
2032-05-17,309
2032-05-18,197
2032-05-19,289
2032-05-20,96
2032-05-21,448
2032-05-22,247
2032-05-23,96
2032-05-24,127
2032-05-25,173
2032-05-26,124
2032-05-27,408
2032-05-28,186
2032-05-29,139
2032-05-30,449
2032-05-31,374
2032-06-01,110
2032-06-02,187
2032-06-03,99
2032-06-04,308
2032-06-05,156
2032-06-06,162
2032-06-07,399
2032-06-08,303
2032-06-09,167
2032-06-10,247
2032-06-11,386
2032-06-12,414
2032-06-13,100
2032-06-14,294
2032-06-15,452
2032-06-16,475
2032-06-17,84
2032-06-18,351
2032-06-19,459
2032-06-20,118
2032-06-21,398
2032-06-22,369
2032-06-23,470
2032-06-24,98
2032-06-25,454
2032-06-26,123
2032-06-27,241
2032-06-28,310
2032-06-29,405
2032-06-30,119
2032-07-01,139
2032-07-02,309
2032-07-03,175
2032-07-04,280
2032-07-05,344
2032-07-06,468
2032-07-07,178
2032-07-08,329
2032-07-09,362
2032-07-10,149
2032-07-11,375
2032-07-12,346
2032-07-13,231
2032-07-14,223
2032-07-15,365
2032-07-16,413
2032-07-17,237
2032-07-18,106
2032-07-19,80
2032-07-20,133
2032-07-21,201
2032-07-22,85
2032-07-23,262
2032-07-24,463
2032-07-25,457
2032-07-26,413
2032-07-27,155
2032-07-28,463
2032-07-29,391
2032-07-30,269
2032-07-31,440
2032-08-01,212
2032-08-02,488
2032-08-03,269
2032-08-04,319
2032-08-05,169
2032-08-06,443
2032-08-07,385
2032-08-08,449
2032-08-09,231
2032-08-10,155
2032-08-11,266
2032-08-12,254
2032-08-13,119
2032-08-14,93
2032-08-15,378
2032-08-16,350
2032-08-17,277
2032-08-18,233
2032-08-19,156
2032-08-20,133
2032-08-21,387
2032-08-22,299
2032-08-23,412
2032-08-24,490
2032-08-25,70
2032-08-26,245
2032-08-27,227
2032-08-28,466
2032-08-29,56
2032-08-30,119
2032-08-31,176
2032-09-01,448
2032-09-02,209
2032-09-03,297
2032-09-04,252
2032-09-05,197
2032-09-06,192
2032-09-07,481
2032-09-08,248
2032-09-09,454
2032-09-10,475
2032-09-11,203
2032-09-12,425
2032-09-13,433
2032-09-14,191
2032-09-15,362
2032-09-16,214
2032-09-17,363
2032-09-18,70
2032-09-19,131
2032-09-20,118
2032-09-21,180
2032-09-22,136
2032-09-23,267
2032-09-24,470
2032-09-25,354
2032-09-26,452
2032-09-27,420
2032-09-28,394
2032-09-29,390
2032-09-30,433
2032-10-01,445
2032-10-02,494
2032-10-03,474
2032-10-04,210
2032-10-05,227
2032-10-06,166
2032-10-07,245
2032-10-08,432
2032-10-09,376
2032-10-10,135
2032-10-11,338
2032-10-12,130
2032-10-13,201
2032-10-14,110
2032-10-15,110
2032-10-16,403
2032-10-17,77
2032-10-18,491
2032-10-19,92
2032-10-20,218
2032-10-21,472
2032-10-22,135
2032-10-23,226
2032-10-24,66
2032-10-25,147
2032-10-26,247
2032-10-27,147
2032-10-28,114
2032-10-29,379
2032-10-30,390
2032-10-31,54
2032-11-01,51
2032-11-02,71
2032-11-03,161
2032-11-04,106
2032-11-05,115
2032-11-06,379
2032-11-07,147
2032-11-08,193
2032-11-09,417
2032-11-10,484
2032-11-11,174
2032-11-12,216
2032-11-13,135
2032-11-14,125
2032-11-15,393
2032-11-16,473
2032-11-17,343
2032-11-18,493
2032-11-19,108
2032-11-20,187
2032-11-21,148
2032-11-22,241
2032-11-23,292
2032-11-24,368
2032-11-25,98
2032-11-26,497
2032-11-27,81
2032-11-28,440
2032-11-29,326
2032-11-30,69
2032-12-01,203
2032-12-02,432
2032-12-03,117
2032-12-04,415
2032-12-05,421
2032-12-06,263
2032-12-07,192
2032-12-08,425
2032-12-09,281
2032-12-10,262
2032-12-11,128
2032-12-12,263
2032-12-13,165
2032-12-14,141
2032-12-15,319
2032-12-16,460
2032-12-17,430
2032-12-18,217
2032-12-19,107
2032-12-20,333
2032-12-21,75
2032-12-22,418
2032-12-23,496
2032-12-24,115
2032-12-25,458
2032-12-26,297
2032-12-27,303
2032-12-28,436
2032-12-29,93
2032-12-30,146
2032-12-31,91
2033-01-01,276
2033-01-02,311
2033-01-03,216
2033-01-04,485
2033-01-05,328
2033-01-06,138
2033-01-07,428
2033-01-08,227
2033-01-09,476
2033-01-10,452
2033-01-11,246
2033-01-12,356
2033-01-13,316
2033-01-14,317
2033-01-15,123
2033-01-16,57
2033-01-17,457
2033-01-18,346
2033-01-19,213
2033-01-20,134
2033-01-21,121
2033-01-22,104
2033-01-23,442
2033-01-24,96
2033-01-25,448
2033-01-26,481
2033-01-27,287
2033-01-28,153
2033-01-29,259
2033-01-30,91
2033-01-31,365
2033-02-01,317
2033-02-02,435
2033-02-03,312
2033-02-04,385
2033-02-05,436
2033-02-06,414
2033-02-07,308
2033-02-08,332
2033-02-09,163
2033-02-10,412
2033-02-11,89
2033-02-12,466
2033-02-13,269
2033-02-14,178
2033-02-15,57
2033-02-16,150
2033-02-17,465
2033-02-18,429
2033-02-19,225
2033-02-20,156
2033-02-21,150
2033-02-22,309
2033-02-23,415
2033-02-24,295
2033-02-25,324
2033-02-26,81
2033-02-27,186
2033-02-28,61
2033-03-01,444
2033-03-02,351
2033-03-03,424
2033-03-04,65
2033-03-05,178
2033-03-06,112
2033-03-07,158
2033-03-08,424
2033-03-09,70
2033-03-10,207
2033-03-11,318
2033-03-12,211
2033-03-13,309
2033-03-14,461
2033-03-15,151
2033-03-16,272
2033-03-17,108
2033-03-18,296
2033-03-19,177
2033-03-20,332
2033-03-21,374
2033-03-22,74
2033-03-23,180
2033-03-24,402
2033-03-25,245
2033-03-26,330
2033-03-27,453
2033-03-28,467
2033-03-29,203
2033-03-30,431
2033-03-31,182
2033-04-01,276
2033-04-02,238
2033-04-03,314
2033-04-04,421
2033-04-05,483
2033-04-06,183
2033-04-07,260
2033-04-08,109
2033-04-09,477
2033-04-10,426
2033-04-11,444
2033-04-12,499
2033-04-13,480
2033-04-14,413
2033-04-15,413
2033-04-16,262
2033-04-17,265
2033-04-18,275
2033-04-19,180
2033-04-20,125
2033-04-21,335
2033-04-22,326
2033-04-23,205
2033-04-24,297
2033-04-25,267
2033-04-26,239
2033-04-27,466
2033-04-28,212
2033-04-29,229
2033-04-30,83
2033-05-01,90
2033-05-02,356
2033-05-03,480
2033-05-04,387
2033-05-05,363
2033-05-06,124
2033-05-07,490
2033-05-08,328
2033-05-09,225
2033-05-10,433
2033-05-11,199
2033-05-12,322
2033-05-13,374
2033-05-14,157
2033-05-15,188
2033-05-16,399
2033-05-17,320
2033-05-18,396
2033-05-19,468
2033-05-20,338
2033-05-21,261
2033-05-22,430
2033-05-23,321
2033-05-24,467
2033-05-25,115
2033-05-26,473
2033-05-27,297
2033-05-28,205
2033-05-29,96
2033-05-30,472
2033-05-31,250
2033-06-01,197
2033-06-02,173
2033-06-03,50
2033-06-04,296
2033-06-05,392
2033-06-06,177
2033-06-07,240
2033-06-08,116
2033-06-09,53
2033-06-10,491
2033-06-11,458
2033-06-12,352
2033-06-13,343
2033-06-14,192
2033-06-15,240
2033-06-16,70
2033-06-17,276
2033-06-18,362
2033-06-19,166
2033-06-20,486
2033-06-21,351
2033-06-22,191
2033-06-23,450
2033-06-24,88
2033-06-25,442
2033-06-26,404
2033-06-27,301
2033-06-28,382
2033-06-29,256
2033-06-30,259
2033-07-01,164
2033-07-02,274
2033-07-03,183
2033-07-04,300
2033-07-05,268
2033-07-06,456
2033-07-07,492
2033-07-08,140
2033-07-09,403
2033-07-10,425
2033-07-11,95
2033-07-12,87
2033-07-13,191
2033-07-14,149
2033-07-15,377
2033-07-16,239
2033-07-17,84
2033-07-18,196
2033-07-19,79
2033-07-20,383
2033-07-21,133
2033-07-22,418
2033-07-23,330
2033-07-24,473
2033-07-25,393
2033-07-26,319
2033-07-27,203
2033-07-28,151
2033-07-29,264
2033-07-30,199
2033-07-31,481
2033-08-01,132
2033-08-02,159
2033-08-03,484
2033-08-04,436
2033-08-05,475
2033-08-06,324
2033-08-07,250
2033-08-08,333
2033-08-09,222
2033-08-10,376
2033-08-11,255
2033-08-12,112
2033-08-13,122
2033-08-14,300
2033-08-15,173
2033-08-16,424
2033-08-17,170
2033-08-18,324
2033-08-19,480
2033-08-20,447
2033-08-21,169
2033-08-22,471
2033-08-23,486
2033-08-24,366
2033-08-25,213
2033-08-26,473
2033-08-27,335
2033-08-28,314
2033-08-29,369
2033-08-30,210
2033-08-31,425
2033-09-01,357
2033-09-02,138
2033-09-03,191
2033-09-04,252
2033-09-05,358
2033-09-06,276
2033-09-07,492
2033-09-08,383
2033-09-09,271
2033-09-10,90
2033-09-11,245
2033-09-12,117
2033-09-13,313
2033-09-14,51
2033-09-15,410
2033-09-16,174
2033-09-17,159
2033-09-18,135
2033-09-19,474
2033-09-20,169
2033-09-21,176
2033-09-22,304
2033-09-23,232
2033-09-24,65
2033-09-25,111
2033-09-26,418
2033-09-27,481
2033-09-28,207
2033-09-29,317
2033-09-30,84
2033-10-01,316
2033-10-02,113
2033-10-03,99
2033-10-04,304
2033-10-05,198
2033-10-06,374
2033-10-07,353
2033-10-08,325
2033-10-09,406
2033-10-10,221
2033-10-11,466
2033-10-12,250
2033-10-13,494
2033-10-14,442
2033-10-15,373
2033-10-16,84
2033-10-17,265
2033-10-18,114
2033-10-19,57
2033-10-20,350
2033-10-21,392
2033-10-22,480
2033-10-23,473
2033-10-24,381
2033-10-25,487
2033-10-26,125
2033-10-27,223
2033-10-28,96
2033-10-29,64
2033-10-30,410
2033-10-31,196
2033-11-01,75
2033-11-02,357
2033-11-03,142
2033-11-04,455
2033-11-05,281
2033-11-06,70
2033-11-07,356
2033-11-08,87
2033-11-09,325
2033-11-10,206
2033-11-11,228
2033-11-12,181
2033-11-13,360
2033-11-14,397
2033-11-15,77
2033-11-16,309
2033-11-17,455
2033-11-18,125
2033-11-19,478
2033-11-20,116
2033-11-21,391
2033-11-22,243
2033-11-23,211
2033-11-24,396
2033-11-25,488
2033-11-26,410
2033-11-27,306
2033-11-28,121
2033-11-29,136
2033-11-30,471
2033-12-01,311
2033-12-02,263
2033-12-03,202
2033-12-04,259
2033-12-05,450
2033-12-06,110
2033-12-07,317
2033-12-08,311
2033-12-09,267
2033-12-10,332
2033-12-11,185
2033-12-12,429
2033-12-13,411
2033-12-14,498
2033-12-15,490
2033-12-16,142
2033-12-17,158
2033-12-18,290
2033-12-19,404
2033-12-20,473
2033-12-21,191
2033-12-22,340
2033-12-23,481
2033-12-24,286
2033-12-25,389
2033-12-26,361
2033-12-27,226
2033-12-28,190
2033-12-29,238
2033-12-30,98
2033-12-31,351
2034-01-01,418
2034-01-02,239
2034-01-03,185
2034-01-04,92
2034-01-05,453
2034-01-06,429
2034-01-07,402
2034-01-08,139
2034-01-09,344
2034-01-10,390
2034-01-11,294
2034-01-12,482
2034-01-13,241
2034-01-14,367
2034-01-15,155
2034-01-16,412
2034-01-17,359
2034-01-18,431
2034-01-19,282
2034-01-20,314
2034-01-21,393
2034-01-22,86
2034-01-23,354
2034-01-24,90
2034-01-25,66
2034-01-26,393
2034-01-27,326
2034-01-28,356
2034-01-29,108
2034-01-30,472
2034-01-31,232
2034-02-01,90
2034-02-02,88
2034-02-03,446
2034-02-04,241
2034-02-05,316
2034-02-06,196
2034-02-07,444
2034-02-08,382
2034-02-09,176
2034-02-10,95
2034-02-11,94
2034-02-12,50
2034-02-13,217
2034-02-14,157
2034-02-15,68
2034-02-16,381
2034-02-17,121
2034-02-18,494
2034-02-19,158
2034-02-20,317
2034-02-21,494
2034-02-22,289
2034-02-23,466
2034-02-24,350
2034-02-25,139
2034-02-26,152
2034-02-27,299
2034-02-28,57
2034-03-01,202
2034-03-02,396
2034-03-03,223
2034-03-04,392
2034-03-05,207
2034-03-06,480
2034-03-07,264
2034-03-08,226
2034-03-09,224
2034-03-10,389
2034-03-11,387
2034-03-12,195
2034-03-13,499
2034-03-14,373
2034-03-15,210
2034-03-16,176
2034-03-17,469
2034-03-18,131
2034-03-19,196
2034-03-20,288
2034-03-21,461
2034-03-22,473
2034-03-23,133
2034-03-24,162
2034-03-25,274
2034-03-26,381
2034-03-27,427
2034-03-28,292
2034-03-29,192
2034-03-30,90
2034-03-31,472
2034-04-01,307
2034-04-02,496
2034-04-03,334
2034-04-04,154
2034-04-05,251
2034-04-06,499
2034-04-07,356
2034-04-08,380
2034-04-09,315
2034-04-10,447
2034-04-11,259
2034-04-12,100
2034-04-13,167
2034-04-14,250
2034-04-15,426
2034-04-16,88
2034-04-17,77
2034-04-18,308
2034-04-19,133
2034-04-20,204
2034-04-21,166
2034-04-22,51
2034-04-23,142
2034-04-24,215
2034-04-25,436
2034-04-26,449
2034-04-27,399
2034-04-28,345
2034-04-29,307
2034-04-30,130
2034-05-01,474
2034-05-02,317
2034-05-03,468
2034-05-04,284
2034-05-05,370
2034-05-06,360
2034-05-07,350
2034-05-08,406
2034-05-09,262
2034-05-10,111
2034-05-11,98
2034-05-12,176
2034-05-13,272
2034-05-14,458
2034-05-15,328
2034-05-16,457
2034-05-17,343
2034-05-18,333
2034-05-19,326
2034-05-20,487
2034-05-21,156
2034-05-22,195
2034-05-23,469
2034-05-24,148
2034-05-25,478
2034-05-26,424
2034-05-27,122
2034-05-28,486
2034-05-29,171
2034-05-30,79
2034-05-31,237
2034-06-01,413
2034-06-02,403
2034-06-03,337
2034-06-04,244
2034-06-05,205
2034-06-06,221
2034-06-07,384
2034-06-08,90
2034-06-09,112
2034-06-10,72
2034-06-11,409
2034-06-12,124
2034-06-13,97
2034-06-14,209
2034-06-15,362
2034-06-16,167
2034-06-17,149
2034-06-18,429
2034-06-19,466
2034-06-20,457
2034-06-21,216
2034-06-22,339
2034-06-23,489
2034-06-24,205
2034-06-25,470
2034-06-26,56
2034-06-27,245
2034-06-28,470
2034-06-29,105
2034-06-30,370
2034-07-01,242
2034-07-02,96
2034-07-03,197
2034-07-04,324
2034-07-05,206
2034-07-06,251
2034-07-07,493
2034-07-08,451
2034-07-09,468
2034-07-10,476
2034-07-11,175
2034-07-12,444
2034-07-13,354
2034-07-14,418
2034-07-15,343
2034-07-16,113
2034-07-17,374
2034-07-18,441
2034-07-19,467
2034-07-20,225
2034-07-21,165
2034-07-22,489
2034-07-23,253
2034-07-24,370
2034-07-25,80
2034-07-26,437
2034-07-27,162
2034-07-28,414
2034-07-29,483
2034-07-30,374
2034-07-31,463
2034-08-01,425
2034-08-02,393
2034-08-03,492
2034-08-04,116
2034-08-05,124
2034-08-06,94
2034-08-07,309
2034-08-08,203
2034-08-09,204
2034-08-10,479
2034-08-11,412
2034-08-12,497
2034-08-13,283
2034-08-14,100
2034-08-15,355
2034-08-16,311
2034-08-17,364
2034-08-18,174
2034-08-19,448
2034-08-20,294
2034-08-21,79
2034-08-22,475
2034-08-23,171
2034-08-24,174
2034-08-25,86
2034-08-26,219
2034-08-27,173
2034-08-28,406
2034-08-29,84
2034-08-30,136
2034-08-31,183
2034-09-01,245
2034-09-02,323
2034-09-03,250
2034-09-04,418
2034-09-05,334
2034-09-06,126
2034-09-07,108
2034-09-08,480
2034-09-09,175
2034-09-10,450
2034-09-11,158
2034-09-12,273
2034-09-13,327
2034-09-14,117
2034-09-15,118
2034-09-16,214
2034-09-17,354
2034-09-18,446
2034-09-19,211
2034-09-20,414
2034-09-21,391
2034-09-22,358
2034-09-23,428
2034-09-24,392
2034-09-25,484
2034-09-26,436
2034-09-27,91
2034-09-28,403
2034-09-29,465
2034-09-30,158
2034-10-01,100
2034-10-02,299
2034-10-03,390
2034-10-04,479
2034-10-05,432
2034-10-06,70
2034-10-07,349
2034-10-08,188
2034-10-09,408
2034-10-10,373
2034-10-11,434
2034-10-12,141
2034-10-13,496
2034-10-14,329
2034-10-15,174
2034-10-16,446
2034-10-17,160
2034-10-18,403
2034-10-19,188
2034-10-20,484
2034-10-21,322
2034-10-22,148
2034-10-23,301
2034-10-24,387
2034-10-25,153
2034-10-26,263
2034-10-27,298
2034-10-28,201
2034-10-29,299
2034-10-30,324
2034-10-31,214
2034-11-01,390
2034-11-02,57
2034-11-03,333
2034-11-04,54
2034-11-05,194
2034-11-06,150
2034-11-07,213
2034-11-08,423
2034-11-09,196
2034-11-10,113
2034-11-11,140
2034-11-12,166
2034-11-13,403
2034-11-14,316
2034-11-15,359
2034-11-16,222
2034-11-17,96
2034-11-18,189
2034-11-19,295
2034-11-20,198
2034-11-21,295
2034-11-22,444
2034-11-23,54
2034-11-24,233
2034-11-25,69
2034-11-26,474
2034-11-27,95
2034-11-28,61
2034-11-29,119
2034-11-30,66
2034-12-01,420
2034-12-02,196
2034-12-03,203
2034-12-04,353
2034-12-05,157
2034-12-06,285
2034-12-07,357
2034-12-08,401
2034-12-09,119
2034-12-10,232
2034-12-11,299
2034-12-12,277
2034-12-13,151
2034-12-14,124
2034-12-15,466
2034-12-16,495
2034-12-17,265
2034-12-18,456
2034-12-19,448
2034-12-20,460
2034-12-21,252
2034-12-22,241
2034-12-23,298
2034-12-24,291
2034-12-25,228
2034-12-26,486
2034-12-27,268
2034-12-28,131
2034-12-29,141
2034-12-30,484
2034-12-31,224
2035-01-01,288
2035-01-02,309
2035-01-03,440
2035-01-04,414
2035-01-05,212
2035-01-06,97
2035-01-07,378
2035-01-08,377
2035-01-09,165
2035-01-10,478
2035-01-11,386
2035-01-12,386
2035-01-13,418
2035-01-14,274
2035-01-15,401
2035-01-16,377
2035-01-17,196
2035-01-18,112
2035-01-19,343
2035-01-20,372
2035-01-21,492
2035-01-22,374
2035-01-23,62
2035-01-24,480
2035-01-25,238
2035-01-26,336
2035-01-27,257
2035-01-28,163
2035-01-29,71
2035-01-30,398
2035-01-31,263
2035-02-01,220
2035-02-02,372
2035-02-03,103
2035-02-04,443
2035-02-05,347
2035-02-06,369
2035-02-07,175
2035-02-08,326
2035-02-09,253
2035-02-10,243
2035-02-11,218
2035-02-12,201
2035-02-13,84
2035-02-14,233
2035-02-15,335
2035-02-16,106
2035-02-17,271
2035-02-18,352
2035-02-19,212
2035-02-20,68
2035-02-21,419
2035-02-22,313
2035-02-23,331
2035-02-24,162
2035-02-25,376
2035-02-26,79
2035-02-27,184
2035-02-28,116
2035-03-01,114
2035-03-02,341
2035-03-03,74
2035-03-04,86
2035-03-05,50
2035-03-06,448
2035-03-07,86
2035-03-08,190
2035-03-09,281
2035-03-10,185
2035-03-11,438
2035-03-12,237
2035-03-13,177
2035-03-14,250
2035-03-15,176
2035-03-16,306
2035-03-17,213
2035-03-18,84
2035-03-19,243
2035-03-20,240
2035-03-21,153
2035-03-22,72
2035-03-23,314
2035-03-24,339
2035-03-25,479
2035-03-26,433
2035-03-27,309
2035-03-28,463
2035-03-29,407
2035-03-30,124
2035-03-31,404
2035-04-01,121
2035-04-02,308
2035-04-03,447
2035-04-04,237
2035-04-05,222
2035-04-06,339
2035-04-07,94
2035-04-08,110
2035-04-09,132
2035-04-10,172
2035-04-11,407
2035-04-12,65
2035-04-13,115
2035-04-14,473
2035-04-15,194
2035-04-16,424
2035-04-17,211
2035-04-18,283
2035-04-19,429
2035-04-20,193
2035-04-21,407
2035-04-22,237
2035-04-23,371
2035-04-24,499
2035-04-25,62
2035-04-26,233
2035-04-27,160
2035-04-28,464
2035-04-29,339
2035-04-30,344
2035-05-01,441
2035-05-02,264
2035-05-03,169
2035-05-04,431
2035-05-05,104
2035-05-06,76
2035-05-07,167
2035-05-08,270
2035-05-09,280
2035-05-10,102
2035-05-11,344
2035-05-12,370
2035-05-13,450
2035-05-14,282
2035-05-15,207
2035-05-16,486
2035-05-17,318
2035-05-18,70
2035-05-19,452
2035-05-20,102
2035-05-21,324
2035-05-22,362
2035-05-23,330
2035-05-24,263
2035-05-25,80
2035-05-26,386
2035-05-27,232
2035-05-28,72
2035-05-29,81
2035-05-30,495
2035-05-31,123
2035-06-01,59
2035-06-02,103
2035-06-03,101
2035-06-04,197
2035-06-05,209
2035-06-06,419
2035-06-07,63
2035-06-08,227
2035-06-09,461
2035-06-10,415
2035-06-11,102
2035-06-12,457
2035-06-13,384
2035-06-14,71
2035-06-15,79
2035-06-16,240
2035-06-17,309
2035-06-18,254
2035-06-19,108
2035-06-20,313
2035-06-21,61
2035-06-22,168
2035-06-23,464
2035-06-24,339
2035-06-25,387
2035-06-26,297
2035-06-27,403
2035-06-28,176
2035-06-29,124
2035-06-30,410
2035-07-01,253
2035-07-02,98
2035-07-03,128
2035-07-04,490
2035-07-05,290
2035-07-06,398
2035-07-07,203
2035-07-08,323
2035-07-09,145
2035-07-10,263
2035-07-11,343
2035-07-12,258
2035-07-13,392
2035-07-14,137
2035-07-15,355
2035-07-16,313
2035-07-17,474
2035-07-18,439
2035-07-19,374
2035-07-20,477
2035-07-21,426
2035-07-22,369
2035-07-23,206
2035-07-24,205
2035-07-25,188
2035-07-26,170
2035-07-27,114
2035-07-28,156
2035-07-29,196
2035-07-30,186
2035-07-31,460
2035-08-01,211
2035-08-02,477
2035-08-03,149
2035-08-04,387
2035-08-05,448
2035-08-06,356
2035-08-07,190
2035-08-08,132
2035-08-09,226
2035-08-10,247
2035-08-11,161
2035-08-12,105
2035-08-13,228
2035-08-14,470
2035-08-15,450
2035-08-16,235
2035-08-17,267
2035-08-18,462
2035-08-19,466
2035-08-20,365
2035-08-21,266
2035-08-22,169
2035-08-23,488
2035-08-24,443
2035-08-25,224
2035-08-26,72
2035-08-27,262
2035-08-28,454
2035-08-29,284
2035-08-30,62
2035-08-31,150
2035-09-01,466
2035-09-02,73
2035-09-03,413
2035-09-04,60
2035-09-05,322
2035-09-06,480
2035-09-07,330
2035-09-08,143
2035-09-09,250
2035-09-10,70
2035-09-11,389
2035-09-12,260
2035-09-13,189
2035-09-14,342
2035-09-15,347
2035-09-16,450
2035-09-17,150
2035-09-18,353
2035-09-19,408
2035-09-20,77
2035-09-21,90
2035-09-22,404
2035-09-23,352
2035-09-24,195
2035-09-25,305
2035-09-26,276
2035-09-27,285
2035-09-28,410
2035-09-29,429
2035-09-30,62
2035-10-01,259
2035-10-02,278
2035-10-03,446
2035-10-04,149
2035-10-05,80
2035-10-06,435
2035-10-07,65
2035-10-08,186
2035-10-09,378
2035-10-10,215
2035-10-11,359
2035-10-12,489
2035-10-13,149
2035-10-14,158
2035-10-15,392
2035-10-16,222
2035-10-17,286
2035-10-18,211
2035-10-19,442
2035-10-20,265
2035-10-21,313
2035-10-22,312
2035-10-23,341
2035-10-24,323
2035-10-25,52
2035-10-26,77
2035-10-27,375
2035-10-28,477
2035-10-29,198
2035-10-30,77
2035-10-31,359
2035-11-01,487
2035-11-02,114
2035-11-03,405
2035-11-04,70
2035-11-05,301
2035-11-06,284
2035-11-07,276
2035-11-08,62
2035-11-09,362
2035-11-10,98
2035-11-11,167
2035-11-12,103
2035-11-13,187
2035-11-14,102
2035-11-15,93
2035-11-16,352
2035-11-17,102
2035-11-18,123
2035-11-19,95
2035-11-20,62
2035-11-21,214
2035-11-22,151
2035-11-23,329
2035-11-24,307
2035-11-25,386
2035-11-26,405
2035-11-27,447
2035-11-28,187
2035-11-29,212
2035-11-30,458
2035-12-01,436
2035-12-02,160
2035-12-03,151
2035-12-04,66
2035-12-05,317
2035-12-06,231
2035-12-07,421
2035-12-08,73
2035-12-09,78
2035-12-10,220
2035-12-11,458
2035-12-12,277
2035-12-13,427
2035-12-14,237
2035-12-15,395
2035-12-16,279
2035-12-17,370
2035-12-18,389
2035-12-19,168
2035-12-20,205
2035-12-21,321
2035-12-22,224
2035-12-23,153
2035-12-24,141
2035-12-25,235
2035-12-26,332
2035-12-27,230
2035-12-28,219
2035-12-29,236
2035-12-30,224
2035-12-31,271
2036-01-01,282
2036-01-02,211
2036-01-03,470
2036-01-04,183
2036-01-05,440
2036-01-06,273
2036-01-07,202
2036-01-08,82
2036-01-09,104
2036-01-10,491
2036-01-11,56
2036-01-12,293
2036-01-13,362
2036-01-14,175
2036-01-15,61
2036-01-16,65
2036-01-17,257
2036-01-18,92
2036-01-19,422
2036-01-20,184
2036-01-21,277
2036-01-22,160
2036-01-23,356
2036-01-24,209
2036-01-25,380
2036-01-26,313
2036-01-27,274
2036-01-28,266
2036-01-29,94
2036-01-30,263
2036-01-31,108
2036-02-01,181
2036-02-02,153
2036-02-03,244
2036-02-04,462
2036-02-05,206
2036-02-06,147
2036-02-07,275
2036-02-08,461
2036-02-09,254
2036-02-10,128
2036-02-11,173
2036-02-12,477
2036-02-13,267
2036-02-14,53
2036-02-15,139
2036-02-16,153
2036-02-17,442
2036-02-18,168
2036-02-19,182
2036-02-20,361
2036-02-21,145
2036-02-22,483
2036-02-23,380
2036-02-24,192
2036-02-25,337
2036-02-26,77
2036-02-27,327
2036-02-28,282
2036-02-29,66
2036-03-01,108
2036-03-02,139
2036-03-03,248
2036-03-04,411
2036-03-05,490
2036-03-06,75
2036-03-07,74
2036-03-08,443
2036-03-09,350
2036-03-10,388
2036-03-11,316
2036-03-12,230
2036-03-13,409
2036-03-14,117
2036-03-15,400
2036-03-16,461
2036-03-17,370
2036-03-18,98
2036-03-19,224
2036-03-20,101
2036-03-21,151
2036-03-22,265
2036-03-23,487
2036-03-24,237
2036-03-25,106
2036-03-26,96
2036-03-27,208
2036-03-28,223
2036-03-29,291
2036-03-30,331
2036-03-31,290
2036-04-01,419
2036-04-02,54
2036-04-03,133
2036-04-04,357
2036-04-05,410
2036-04-06,297
2036-04-07,103
2036-04-08,210
2036-04-09,483
2036-04-10,471
2036-04-11,460
2036-04-12,275
2036-04-13,64
2036-04-14,273
2036-04-15,110
2036-04-16,171
2036-04-17,326
2036-04-18,95
2036-04-19,439
2036-04-20,343
2036-04-21,111
2036-04-22,135
2036-04-23,495
2036-04-24,259
2036-04-25,127
2036-04-26,251
2036-04-27,351
2036-04-28,446
2036-04-29,272
2036-04-30,271
2036-05-01,52
2036-05-02,55
2036-05-03,142
2036-05-04,57
2036-05-05,477
2036-05-06,284
2036-05-07,157
2036-05-08,210
2036-05-09,258
2036-05-10,289
2036-05-11,380
2036-05-12,382
2036-05-13,99
2036-05-14,60
2036-05-15,400
2036-05-16,205
2036-05-17,119
2036-05-18,218
2036-05-19,321
2036-05-20,117
2036-05-21,404
2036-05-22,301
2036-05-23,97
2036-05-24,233
2036-05-25,369
2036-05-26,236
2036-05-27,139
2036-05-28,495
2036-05-29,381
2036-05-30,188
2036-05-31,406
2036-06-01,138
2036-06-02,323
2036-06-03,68
2036-06-04,360
2036-06-05,407
2036-06-06,423
2036-06-07,203
2036-06-08,439
2036-06-09,309
2036-06-10,157
2036-06-11,420
2036-06-12,334
2036-06-13,108
2036-06-14,174
2036-06-15,403
2036-06-16,322
2036-06-17,156
2036-06-18,348
2036-06-19,294
2036-06-20,385
2036-06-21,499
2036-06-22,467
2036-06-23,296
2036-06-24,57
2036-06-25,190
2036-06-26,411
2036-06-27,57
2036-06-28,401
2036-06-29,143
2036-06-30,370
2036-07-01,476
2036-07-02,88
2036-07-03,130
2036-07-04,236
2036-07-05,133
2036-07-06,137
2036-07-07,291
2036-07-08,391
2036-07-09,142
2036-07-10,135
2036-07-11,93
2036-07-12,186
2036-07-13,470
2036-07-14,123
2036-07-15,85
2036-07-16,150
2036-07-17,205
2036-07-18,475
2036-07-19,304
2036-07-20,220
2036-07-21,265
2036-07-22,219
2036-07-23,301
2036-07-24,409
2036-07-25,371
2036-07-26,104
2036-07-27,481
2036-07-28,140
2036-07-29,327
2036-07-30,150
2036-07-31,204
2036-08-01,426
2036-08-02,398
2036-08-03,413
2036-08-04,190
2036-08-05,222
2036-08-06,59
2036-08-07,277
2036-08-08,314
2036-08-09,487
2036-08-10,297
2036-08-11,296
2036-08-12,204
2036-08-13,83
2036-08-14,178
2036-08-15,209
2036-08-16,138
2036-08-17,142
2036-08-18,376
2036-08-19,290
2036-08-20,372
2036-08-21,453
2036-08-22,166
2036-08-23,143
2036-08-24,212
2036-08-25,148
2036-08-26,162
2036-08-27,408
2036-08-28,140
2036-08-29,395
2036-08-30,255
2036-08-31,66
2036-09-01,323
2036-09-02,222
2036-09-03,165
2036-09-04,398
2036-09-05,230
2036-09-06,140
2036-09-07,131
2036-09-08,373
2036-09-09,498
2036-09-10,163
2036-09-11,306
2036-09-12,107
2036-09-13,203
2036-09-14,414
2036-09-15,453
2036-09-16,165
2036-09-17,392
2036-09-18,315
2036-09-19,364
2036-09-20,252
2036-09-21,90
2036-09-22,154
2036-09-23,438
2036-09-24,427
2036-09-25,242
2036-09-26,450
2036-09-27,327
2036-09-28,403
2036-09-29,286
2036-09-30,474
2036-10-01,270
2036-10-02,117
2036-10-03,246
2036-10-04,305
2036-10-05,188
2036-10-06,361
2036-10-07,484
2036-10-08,198
2036-10-09,148
2036-10-10,125
2036-10-11,331
2036-10-12,420
2036-10-13,452
2036-10-14,158
2036-10-15,237
2036-10-16,248
2036-10-17,352
2036-10-18,376
2036-10-19,203
2036-10-20,89
2036-10-21,182
2036-10-22,454
2036-10-23,181
2036-10-24,328
2036-10-25,411
2036-10-26,133
2036-10-27,448
2036-10-28,291
2036-10-29,165
2036-10-30,158
2036-10-31,270
2036-11-01,441
2036-11-02,90
2036-11-03,417
2036-11-04,196
2036-11-05,161
2036-11-06,152
2036-11-07,95
2036-11-08,461
2036-11-09,373
2036-11-10,427
2036-11-11,320
2036-11-12,470
2036-11-13,434
2036-11-14,244
2036-11-15,416
2036-11-16,329
2036-11-17,332
2036-11-18,89
2036-11-19,496
2036-11-20,238
2036-11-21,213
2036-11-22,73
2036-11-23,73
2036-11-24,53
2036-11-25,372
2036-11-26,339
2036-11-27,490
2036-11-28,482
2036-11-29,230
2036-11-30,297
2036-12-01,165
2036-12-02,328
2036-12-03,414
2036-12-04,118
2036-12-05,400
2036-12-06,303
2036-12-07,230
2036-12-08,367
2036-12-09,218
2036-12-10,362
2036-12-11,298
2036-12-12,237
2036-12-13,103
2036-12-14,375
2036-12-15,406
2036-12-16,362
2036-12-17,187
2036-12-18,217
2036-12-19,440
2036-12-20,152
2036-12-21,471
2036-12-22,134
2036-12-23,366
2036-12-24,261
2036-12-25,52
2036-12-26,433
2036-12-27,228
2036-12-28,391
2036-12-29,352
2036-12-30,381
2036-12-31,87
2037-01-01,469
2037-01-02,288
2037-01-03,218
2037-01-04,446
2037-01-05,392
2037-01-06,363
2037-01-07,355
2037-01-08,79
2037-01-09,239
2037-01-10,406
2037-01-11,74
2037-01-12,161
2037-01-13,460
2037-01-14,484
2037-01-15,255
2037-01-16,234
2037-01-17,431
2037-01-18,428
2037-01-19,96
2037-01-20,423
2037-01-21,277
2037-01-22,88
2037-01-23,65
2037-01-24,71
2037-01-25,262
2037-01-26,359
2037-01-27,198
2037-01-28,290
2037-01-29,321
2037-01-30,108
2037-01-31,336
2037-02-01,475
2037-02-02,251
2037-02-03,81
2037-02-04,492
2037-02-05,211
2037-02-06,304
2037-02-07,303
2037-02-08,58
2037-02-09,188
2037-02-10,59
2037-02-11,263
2037-02-12,322
2037-02-13,373
2037-02-14,97
2037-02-15,485
2037-02-16,160
2037-02-17,202
2037-02-18,172
2037-02-19,454
2037-02-20,406
2037-02-21,151
2037-02-22,290
2037-02-23,370
2037-02-24,240
2037-02-25,266
2037-02-26,100
2037-02-27,341
2037-02-28,130
2037-03-01,432
2037-03-02,137
2037-03-03,243
2037-03-04,153
2037-03-05,320
2037-03-06,145
2037-03-07,472
2037-03-08,428
2037-03-09,247
2037-03-10,50
2037-03-11,456
2037-03-12,427
2037-03-13,216
2037-03-14,175
2037-03-15,362
2037-03-16,130
2037-03-17,467
2037-03-18,300
2037-03-19,218
2037-03-20,122
2037-03-21,190
2037-03-22,119
2037-03-23,311
2037-03-24,389
2037-03-25,357
2037-03-26,294
2037-03-27,52
2037-03-28,386
2037-03-29,112
2037-03-30,98
2037-03-31,125
2037-04-01,417
2037-04-02,224
2037-04-03,158
2037-04-04,232
2037-04-05,241
2037-04-06,114
2037-04-07,386
2037-04-08,320
2037-04-09,149
2037-04-10,81
2037-04-11,401
2037-04-12,177
2037-04-13,451
2037-04-14,418
2037-04-15,388
2037-04-16,92
2037-04-17,421
2037-04-18,468
2037-04-19,127
2037-04-20,363
2037-04-21,338
2037-04-22,319
2037-04-23,211
2037-04-24,238
2037-04-25,296
2037-04-26,437
2037-04-27,265
2037-04-28,364
2037-04-29,462
2037-04-30,388
2037-05-01,439
2037-05-02,426
2037-05-03,482
2037-05-04,217
2037-05-05,388
2037-05-06,242
2037-05-07,332
2037-05-08,385
2037-05-09,439
2037-05-10,62
2037-05-11,289
2037-05-12,369
2037-05-13,495
2037-05-14,196
2037-05-15,253
2037-05-16,129
2037-05-17,428
2037-05-18,92
2037-05-19,138
2037-05-20,197
2037-05-21,144
2037-05-22,477
2037-05-23,200
2037-05-24,51
2037-05-25,425
2037-05-26,71
2037-05-27,420
2037-05-28,362
2037-05-29,377
2037-05-30,56
2037-05-31,255
2037-06-01,489
2037-06-02,424
2037-06-03,163
2037-06-04,321
2037-06-05,132
2037-06-06,228
2037-06-07,259
2037-06-08,377
2037-06-09,173
2037-06-10,162
2037-06-11,61
2037-06-12,175
2037-06-13,102
2037-06-14,380
2037-06-15,438
2037-06-16,332
2037-06-17,189
2037-06-18,450
2037-06-19,439
2037-06-20,146
2037-06-21,54
2037-06-22,106
2037-06-23,461
2037-06-24,383
2037-06-25,118
2037-06-26,167
2037-06-27,425
2037-06-28,108
2037-06-29,82
2037-06-30,367
2037-07-01,99
2037-07-02,417
2037-07-03,68
2037-07-04,263
2037-07-05,246
2037-07-06,428
2037-07-07,499
2037-07-08,96
2037-07-09,216
2037-07-10,338
2037-07-11,190
2037-07-12,133
2037-07-13,231
2037-07-14,440
2037-07-15,128
2037-07-16,264
2037-07-17,63
2037-07-18,264
2037-07-19,452
2037-07-20,177
2037-07-21,359
2037-07-22,297
2037-07-23,453
2037-07-24,78
2037-07-25,329
2037-07-26,387
2037-07-27,368
2037-07-28,251
2037-07-29,410
2037-07-30,106
2037-07-31,441
2037-08-01,267
2037-08-02,111
2037-08-03,206
2037-08-04,251
2037-08-05,66
2037-08-06,371
2037-08-07,55
2037-08-08,107
2037-08-09,374
2037-08-10,461
2037-08-11,367
2037-08-12,218
2037-08-13,131
2037-08-14,474
2037-08-15,482
2037-08-16,268
2037-08-17,226
2037-08-18,253
2037-08-19,120
2037-08-20,436
2037-08-21,315
2037-08-22,147
2037-08-23,394
2037-08-24,340
2037-08-25,257
2037-08-26,51
2037-08-27,173
2037-08-28,329
2037-08-29,123
2037-08-30,215
2037-08-31,71
2037-09-01,203
2037-09-02,476
2037-09-03,488
2037-09-04,344
2037-09-05,268
2037-09-06,206
2037-09-07,279
2037-09-08,69
2037-09-09,90
2037-09-10,487
2037-09-11,197
2037-09-12,157
2037-09-13,452
2037-09-14,133
2037-09-15,416
2037-09-16,371
2037-09-17,463
2037-09-18,358
2037-09-19,339
2037-09-20,455
2037-09-21,372
2037-09-22,183
2037-09-23,256
2037-09-24,332
2037-09-25,315
2037-09-26,122
2037-09-27,401
2037-09-28,97
2037-09-29,375
2037-09-30,282
2037-10-01,492
2037-10-02,149
2037-10-03,108
2037-10-04,307
2037-10-05,462
2037-10-06,114
2037-10-07,132
2037-10-08,203
2037-10-09,315
2037-10-10,358
2037-10-11,128
2037-10-12,364
2037-10-13,199
2037-10-14,484
2037-10-15,97
2037-10-16,454
2037-10-17,428
2037-10-18,297
2037-10-19,327
2037-10-20,405
2037-10-21,147
2037-10-22,463
2037-10-23,74
2037-10-24,333
2037-10-25,498
2037-10-26,418
2037-10-27,350
2037-10-28,117
2037-10-29,56
2037-10-30,354
2037-10-31,186
2037-11-01,213
2037-11-02,132
2037-11-03,434
2037-11-04,187
2037-11-05,469
2037-11-06,122
2037-11-07,286
2037-11-08,95
2037-11-09,155
2037-11-10,465
2037-11-11,337
2037-11-12,311
2037-11-13,225
2037-11-14,215
2037-11-15,194
2037-11-16,379
2037-11-17,419
2037-11-18,332
2037-11-19,103
2037-11-20,227
2037-11-21,468
2037-11-22,293
2037-11-23,390
2037-11-24,176
2037-11-25,458
2037-11-26,461
2037-11-27,416
2037-11-28,320
2037-11-29,181
2037-11-30,142
2037-12-01,428
2037-12-02,122
2037-12-03,460
2037-12-04,459
2037-12-05,452
2037-12-06,297
2037-12-07,397
2037-12-08,322
2037-12-09,92
2037-12-10,426
2037-12-11,90
2037-12-12,219
2037-12-13,483
2037-12-14,261
2037-12-15,217
2037-12-16,88
2037-12-17,418
2037-12-18,294
2037-12-19,200
2037-12-20,160
2037-12-21,485
2037-12-22,96
2037-12-23,112
2037-12-24,274
2037-12-25,415
2037-12-26,118
2037-12-27,348
2037-12-28,481
2037-12-29,339
2037-12-30,345
2037-12-31,252
2038-01-01,110
2038-01-02,483
2038-01-03,367
2038-01-04,363
2038-01-05,210
2038-01-06,380
2038-01-07,65
2038-01-08,387
2038-01-09,143
2038-01-10,353
2038-01-11,187
2038-01-12,387
2038-01-13,87
2038-01-14,176
2038-01-15,324
2038-01-16,213
2038-01-17,492
2038-01-18,368
2038-01-19,126
2038-01-20,223
2038-01-21,436
2038-01-22,407
2038-01-23,370
2038-01-24,425
2038-01-25,140
2038-01-26,287
2038-01-27,313
2038-01-28,228
2038-01-29,258
2038-01-30,122
2038-01-31,439
2038-02-01,156
2038-02-02,394
2038-02-03,344
2038-02-04,418
2038-02-05,493
2038-02-06,333
2038-02-07,402
2038-02-08,231
2038-02-09,86
2038-02-10,186
2038-02-11,387
2038-02-12,105
2038-02-13,236
2038-02-14,390
2038-02-15,307
2038-02-16,494
2038-02-17,107
2038-02-18,412
2038-02-19,172
2038-02-20,237
2038-02-21,279
2038-02-22,217
2038-02-23,469
2038-02-24,163
2038-02-25,301
2038-02-26,156
2038-02-27,86
2038-02-28,384
2038-03-01,141
2038-03-02,67
2038-03-03,403
2038-03-04,112
2038-03-05,199
2038-03-06,188
2038-03-07,235
2038-03-08,234
2038-03-09,254
2038-03-10,309
2038-03-11,263
2038-03-12,305
2038-03-13,184
2038-03-14,110
2038-03-15,412
2038-03-16,359
2038-03-17,137
2038-03-18,373
2038-03-19,256
2038-03-20,178
2038-03-21,360
2038-03-22,52
2038-03-23,471
2038-03-24,291
2038-03-25,170
2038-03-26,434
2038-03-27,151
2038-03-28,87
2038-03-29,390
2038-03-30,462
2038-03-31,182
2038-04-01,251
2038-04-02,397
2038-04-03,70
2038-04-04,291
2038-04-05,158
2038-04-06,352
2038-04-07,133
2038-04-08,132
2038-04-09,340
2038-04-10,118
2038-04-11,178
2038-04-12,245
2038-04-13,189
2038-04-14,493
2038-04-15,332
2038-04-16,361
2038-04-17,283
2038-04-18,72
2038-04-19,202
2038-04-20,326
2038-04-21,110
2038-04-22,368
2038-04-23,427
2038-04-24,101
2038-04-25,393
2038-04-26,202
2038-04-27,286
2038-04-28,360
2038-04-29,351
2038-04-30,81
2038-05-01,104
2038-05-02,401
2038-05-03,438
2038-05-04,85
2038-05-05,159
2038-05-06,226
2038-05-07,411
2038-05-08,363
2038-05-09,344
2038-05-10,385
2038-05-11,146
2038-05-12,418
2038-05-13,262
2038-05-14,366
2038-05-15,186
2038-05-16,55
2038-05-17,158
2038-05-18,84
2038-05-19,88
2038-05-20,199
2038-05-21,474
2038-05-22,167
2038-05-23,310
2038-05-24,475
2038-05-25,136
2038-05-26,125
2038-05-27,463
2038-05-28,362
2038-05-29,432
2038-05-30,263
2038-05-31,334
2038-06-01,288
2038-06-02,214
2038-06-03,136
2038-06-04,190
2038-06-05,209
2038-06-06,95
2038-06-07,421
2038-06-08,161
2038-06-09,456
2038-06-10,94
2038-06-11,450
2038-06-12,296
2038-06-13,153
2038-06-14,134
2038-06-15,499
2038-06-16,183
2038-06-17,157
2038-06-18,67
2038-06-19,143
2038-06-20,199
2038-06-21,295
2038-06-22,338
2038-06-23,463
2038-06-24,258
2038-06-25,175
2038-06-26,284
2038-06-27,465
2038-06-28,475
2038-06-29,171
2038-06-30,187
2038-07-01,164
2038-07-02,469
2038-07-03,211
2038-07-04,250
2038-07-05,283
2038-07-06,77
2038-07-07,60
2038-07-08,255
2038-07-09,216
2038-07-10,296
2038-07-11,96
2038-07-12,295
2038-07-13,176
2038-07-14,196
2038-07-15,167
2038-07-16,448
2038-07-17,431
2038-07-18,461
2038-07-19,201
2038-07-20,121
2038-07-21,412
2038-07-22,186
2038-07-23,224
2038-07-24,338
2038-07-25,495
2038-07-26,68
2038-07-27,244
2038-07-28,379
2038-07-29,473
2038-07-30,224
2038-07-31,498
2038-08-01,462
2038-08-02,483
2038-08-03,403
2038-08-04,190
2038-08-05,295
2038-08-06,434
2038-08-07,467
2038-08-08,142
2038-08-09,481
2038-08-10,288
2038-08-11,254
2038-08-12,97
2038-08-13,482
2038-08-14,294
2038-08-15,369
2038-08-16,366
2038-08-17,462
2038-08-18,344
2038-08-19,177
2038-08-20,393
2038-08-21,331
2038-08-22,66
2038-08-23,120
2038-08-24,318
2038-08-25,374
2038-08-26,331
2038-08-27,354
2038-08-28,56
2038-08-29,363
2038-08-30,354
2038-08-31,152
2038-09-01,358
2038-09-02,242
2038-09-03,290
2038-09-04,111
2038-09-05,66
2038-09-06,220
2038-09-07,74
2038-09-08,300
2038-09-09,302
2038-09-10,436
2038-09-11,256
2038-09-12,78
2038-09-13,166
2038-09-14,465
2038-09-15,331
2038-09-16,429
2038-09-17,193
2038-09-18,74
2038-09-19,359
2038-09-20,205
2038-09-21,122
2038-09-22,169
2038-09-23,361
2038-09-24,370
2038-09-25,142
2038-09-26,135
2038-09-27,385
2038-09-28,474
2038-09-29,413
2038-09-30,484
2038-10-01,167
2038-10-02,282
2038-10-03,248
2038-10-04,255
2038-10-05,462
2038-10-06,388
2038-10-07,196
2038-10-08,499
2038-10-09,474
2038-10-10,478
2038-10-11,320
2038-10-12,436
2038-10-13,188
2038-10-14,230
2038-10-15,479
2038-10-16,79
2038-10-17,106
2038-10-18,281
2038-10-19,195
2038-10-20,484
2038-10-21,433
2038-10-22,97
2038-10-23,243
2038-10-24,273
2038-10-25,185
2038-10-26,71
2038-10-27,55
2038-10-28,253
2038-10-29,288
2038-10-30,234
2038-10-31,409
2038-11-01,341
2038-11-02,384
2038-11-03,269
2038-11-04,165
2038-11-05,362
2038-11-06,98
2038-11-07,222
2038-11-08,131
2038-11-09,371
2038-11-10,382
2038-11-11,94
2038-11-12,384
2038-11-13,69
2038-11-14,497
2038-11-15,270
2038-11-16,172
2038-11-17,283
2038-11-18,270
2038-11-19,372
2038-11-20,388
2038-11-21,52
2038-11-22,231
2038-11-23,255
2038-11-24,369
2038-11-25,89
2038-11-26,108
2038-11-27,488
2038-11-28,111
2038-11-29,181
2038-11-30,109
2038-12-01,421
2038-12-02,380
2038-12-03,171
2038-12-04,156
2038-12-05,145
2038-12-06,396
2038-12-07,463
2038-12-08,284
2038-12-09,435
2038-12-10,111
2038-12-11,305
2038-12-12,98
2038-12-13,442
2038-12-14,397
2038-12-15,208
2038-12-16,173
2038-12-17,366
2038-12-18,256
2038-12-19,97
2038-12-20,458
2038-12-21,469
2038-12-22,185
2038-12-23,250
2038-12-24,299
2038-12-25,363
2038-12-26,406
2038-12-27,417
2038-12-28,478
2038-12-29,367
2038-12-30,344
2038-12-31,363
2039-01-01,258
2039-01-02,404
2039-01-03,260
2039-01-04,241
2039-01-05,93
2039-01-06,78
2039-01-07,108
2039-01-08,120
2039-01-09,141
2039-01-10,314
2039-01-11,432
2039-01-12,269
2039-01-13,439
2039-01-14,462
2039-01-15,491
2039-01-16,450
2039-01-17,449
2039-01-18,264
2039-01-19,436
2039-01-20,326
2039-01-21,113
2039-01-22,395
2039-01-23,341
2039-01-24,294
2039-01-25,111
2039-01-26,475
2039-01-27,381
2039-01-28,219
2039-01-29,494
2039-01-30,318
2039-01-31,316
2039-02-01,103
2039-02-02,65
2039-02-03,57
2039-02-04,153
2039-02-05,108
2039-02-06,362
2039-02-07,89
2039-02-08,286
2039-02-09,492
2039-02-10,435
2039-02-11,143
2039-02-12,271
2039-02-13,253
2039-02-14,187
2039-02-15,349
2039-02-16,444
2039-02-17,256
2039-02-18,385
2039-02-19,130
2039-02-20,267
2039-02-21,51
2039-02-22,227
2039-02-23,445
2039-02-24,420
2039-02-25,395
2039-02-26,328
2039-02-27,195
2039-02-28,367
2039-03-01,273
2039-03-02,418
2039-03-03,433
2039-03-04,111
2039-03-05,343
2039-03-06,288
2039-03-07,244
2039-03-08,215
2039-03-09,271
2039-03-10,110
2039-03-11,178
2039-03-12,222
2039-03-13,205
2039-03-14,454
2039-03-15,427
2039-03-16,159
2039-03-17,318
2039-03-18,460
2039-03-19,405
2039-03-20,440
2039-03-21,327
2039-03-22,123
2039-03-23,486
2039-03-24,256
2039-03-25,437
2039-03-26,328
2039-03-27,424
2039-03-28,375
2039-03-29,389
2039-03-30,406
2039-03-31,389
2039-04-01,253
2039-04-02,210
2039-04-03,77
2039-04-04,441
2039-04-05,306
2039-04-06,214
2039-04-07,112
2039-04-08,71
2039-04-09,119
2039-04-10,430
2039-04-11,454
2039-04-12,145
2039-04-13,212
2039-04-14,128
2039-04-15,54
2039-04-16,365
2039-04-17,169
2039-04-18,351
2039-04-19,227
2039-04-20,225
2039-04-21,439
2039-04-22,266
2039-04-23,105
2039-04-24,415
2039-04-25,236
2039-04-26,281
2039-04-27,304
2039-04-28,462
2039-04-29,153
2039-04-30,126
2039-05-01,279
2039-05-02,451
2039-05-03,307
2039-05-04,313
2039-05-05,380
2039-05-06,231
2039-05-07,430
2039-05-08,305
2039-05-09,87
2039-05-10,225
2039-05-11,76
2039-05-12,325
2039-05-13,189
2039-05-14,348
2039-05-15,494
2039-05-16,336
2039-05-17,140
2039-05-18,110
2039-05-19,414
2039-05-20,396
2039-05-21,212
2039-05-22,400
2039-05-23,192
2039-05-24,449
2039-05-25,302
2039-05-26,318
2039-05-27,418
2039-05-28,340
2039-05-29,236
2039-05-30,454
2039-05-31,487
2039-06-01,463
2039-06-02,353
2039-06-03,340
2039-06-04,135
2039-06-05,215
2039-06-06,464
2039-06-07,457
2039-06-08,163
2039-06-09,482
2039-06-10,405
2039-06-11,465
2039-06-12,232
2039-06-13,256
2039-06-14,305
2039-06-15,284
2039-06-16,491
2039-06-17,404
2039-06-18,52
2039-06-19,257
2039-06-20,246
2039-06-21,390
2039-06-22,174
2039-06-23,187
2039-06-24,388
2039-06-25,74
2039-06-26,117
2039-06-27,110
2039-06-28,78
2039-06-29,432
2039-06-30,68
2039-07-01,220
2039-07-02,499
2039-07-03,123
2039-07-04,110
2039-07-05,476
2039-07-06,202
2039-07-07,325
2039-07-08,97
2039-07-09,260
2039-07-10,392
2039-07-11,457
2039-07-12,188
2039-07-13,159
2039-07-14,232
2039-07-15,77
2039-07-16,246
2039-07-17,240
2039-07-18,364
2039-07-19,438
2039-07-20,100
2039-07-21,198
2039-07-22,317
2039-07-23,99
2039-07-24,437
2039-07-25,295
2039-07-26,162
2039-07-27,219
2039-07-28,215
2039-07-29,458
2039-07-30,63
2039-07-31,252
2039-08-01,337
2039-08-02,444
2039-08-03,238
2039-08-04,451
2039-08-05,204
2039-08-06,104
2039-08-07,231
2039-08-08,259
2039-08-09,425
2039-08-10,124
2039-08-11,326
2039-08-12,477
2039-08-13,182
2039-08-14,392
2039-08-15,474
2039-08-16,108
2039-08-17,394
2039-08-18,231
2039-08-19,455
2039-08-20,388
2039-08-21,370
2039-08-22,113
2039-08-23,376
2039-08-24,309
2039-08-25,242
2039-08-26,192
2039-08-27,153
2039-08-28,455
2039-08-29,263
2039-08-30,291
2039-08-31,480
2039-09-01,258
2039-09-02,142
2039-09-03,479
2039-09-04,191
2039-09-05,483
2039-09-06,453
2039-09-07,483
2039-09-08,161
2039-09-09,466
2039-09-10,424
2039-09-11,108
2039-09-12,92
2039-09-13,256
2039-09-14,317
2039-09-15,345
2039-09-16,167
2039-09-17,69
2039-09-18,271
2039-09-19,215
2039-09-20,180
2039-09-21,205
2039-09-22,233
2039-09-23,139
2039-09-24,143
2039-09-25,62
2039-09-26,371
2039-09-27,342
2039-09-28,482
2039-09-29,279
2039-09-30,371
2039-10-01,341
2039-10-02,487
2039-10-03,75
2039-10-04,124
2039-10-05,413
2039-10-06,473
2039-10-07,348
2039-10-08,199
2039-10-09,197
2039-10-10,57
2039-10-11,78
2039-10-12,345
2039-10-13,463
2039-10-14,258
2039-10-15,177
2039-10-16,389
2039-10-17,165
2039-10-18,488
2039-10-19,193
2039-10-20,479
2039-10-21,367
2039-10-22,284
2039-10-23,56
2039-10-24,94
2039-10-25,492
2039-10-26,288
2039-10-27,489
2039-10-28,481
2039-10-29,204
2039-10-30,230
2039-10-31,264
2039-11-01,137
2039-11-02,305
2039-11-03,122
2039-11-04,468
2039-11-05,228
2039-11-06,261
2039-11-07,342
2039-11-08,283
2039-11-09,288
2039-11-10,272
2039-11-11,168
2039-11-12,362
2039-11-13,313
2039-11-14,256
2039-11-15,144
2039-11-16,422
2039-11-17,271
2039-11-18,415
2039-11-19,325
2039-11-20,429
2039-11-21,280
2039-11-22,358
2039-11-23,168
2039-11-24,317
2039-11-25,482
2039-11-26,322
2039-11-27,113
2039-11-28,347
2039-11-29,399
2039-11-30,462
2039-12-01,452
2039-12-02,60
2039-12-03,147
2039-12-04,483
2039-12-05,120
2039-12-06,413
2039-12-07,107
2039-12-08,339
2039-12-09,300
2039-12-10,325
2039-12-11,99
2039-12-12,407
2039-12-13,265
2039-12-14,443
2039-12-15,465
2039-12-16,101
2039-12-17,320
2039-12-18,133
2039-12-19,436
2039-12-20,342
2039-12-21,175
2039-12-22,345
2039-12-23,121
2039-12-24,345
2039-12-25,285
2039-12-26,105
2039-12-27,456
2039-12-28,409
2039-12-29,444
2039-12-30,159
2039-12-31,241
2040-01-01,441
2040-01-02,142
2040-01-03,399
2040-01-04,105
2040-01-05,109
2040-01-06,187
2040-01-07,88
2040-01-08,77
2040-01-09,98
2040-01-10,469
2040-01-11,174
2040-01-12,62
2040-01-13,85
2040-01-14,150
2040-01-15,331
2040-01-16,135
2040-01-17,53
2040-01-18,272
2040-01-19,387
2040-01-20,497
2040-01-21,215
2040-01-22,432
2040-01-23,393
2040-01-24,432
2040-01-25,425
2040-01-26,327
2040-01-27,179
2040-01-28,80
2040-01-29,424
2040-01-30,60
2040-01-31,351
2040-02-01,145
2040-02-02,239
2040-02-03,241
2040-02-04,315
2040-02-05,473
2040-02-06,177
2040-02-07,287
2040-02-08,457
2040-02-09,404
2040-02-10,477
2040-02-11,161
2040-02-12,365
2040-02-13,495
2040-02-14,392
2040-02-15,194
2040-02-16,114
2040-02-17,296
2040-02-18,272
2040-02-19,362
2040-02-20,488
2040-02-21,155
2040-02-22,230
2040-02-23,233
2040-02-24,275
2040-02-25,314
2040-02-26,327
2040-02-27,446
2040-02-28,138
2040-02-29,225
2040-03-01,67
2040-03-02,420
2040-03-03,473
2040-03-04,450
2040-03-05,448
2040-03-06,155
2040-03-07,320
2040-03-08,368
2040-03-09,216
2040-03-10,62
2040-03-11,386
2040-03-12,81
2040-03-13,442
2040-03-14,89
2040-03-15,197
2040-03-16,267
2040-03-17,268
2040-03-18,131
2040-03-19,382
2040-03-20,257
2040-03-21,250
2040-03-22,496
2040-03-23,381
2040-03-24,477
2040-03-25,87
2040-03-26,260
2040-03-27,493
2040-03-28,376
2040-03-29,298
2040-03-30,276
2040-03-31,97
2040-04-01,67
2040-04-02,449
2040-04-03,488
2040-04-04,344
2040-04-05,245
2040-04-06,236
2040-04-07,394
2040-04-08,273
2040-04-09,367
2040-04-10,446
2040-04-11,414
2040-04-12,386
2040-04-13,278
2040-04-14,439
2040-04-15,126
2040-04-16,237
2040-04-17,395
2040-04-18,319
2040-04-19,144
2040-04-20,359
2040-04-21,181
2040-04-22,88
2040-04-23,121
2040-04-24,330
2040-04-25,382
2040-04-26,209
2040-04-27,236
2040-04-28,240
2040-04-29,471
2040-04-30,169
2040-05-01,269
2040-05-02,102
2040-05-03,271
2040-05-04,461
2040-05-05,180
2040-05-06,286
2040-05-07,295
2040-05-08,275
2040-05-09,257
2040-05-10,455
2040-05-11,145
2040-05-12,471
2040-05-13,249
2040-05-14,296
2040-05-15,121
2040-05-16,367
2040-05-17,234
2040-05-18,55
2040-05-19,255
2040-05-20,81
2040-05-21,148
2040-05-22,443
2040-05-23,436
2040-05-24,305
2040-05-25,236
2040-05-26,125
2040-05-27,226
2040-05-28,364
2040-05-29,336
2040-05-30,398
2040-05-31,304
2040-06-01,374
2040-06-02,239
2040-06-03,357
2040-06-04,394
2040-06-05,176
2040-06-06,474
2040-06-07,336
2040-06-08,303
2040-06-09,262
2040-06-10,299
2040-06-11,133
2040-06-12,432
2040-06-13,455
2040-06-14,437
2040-06-15,62
2040-06-16,94
2040-06-17,176
2040-06-18,475
2040-06-19,163
2040-06-20,482
2040-06-21,325
2040-06-22,254
2040-06-23,386
2040-06-24,487
2040-06-25,469
2040-06-26,434
2040-06-27,448
2040-06-28,322
2040-06-29,457
2040-06-30,107
2040-07-01,377
2040-07-02,268
2040-07-03,158
2040-07-04,328
2040-07-05,223
2040-07-06,377
2040-07-07,313
2040-07-08,364
2040-07-09,160
2040-07-10,236
2040-07-11,318
2040-07-12,472
2040-07-13,278
2040-07-14,205
2040-07-15,238
2040-07-16,321
2040-07-17,424
2040-07-18,51
2040-07-19,295
2040-07-20,259
2040-07-21,450
2040-07-22,335
2040-07-23,408
2040-07-24,62
2040-07-25,145
2040-07-26,270
2040-07-27,287
2040-07-28,143
2040-07-29,387
2040-07-30,318
2040-07-31,220
2040-08-01,143
2040-08-02,198
2040-08-03,161
2040-08-04,104
2040-08-05,386
2040-08-06,473
2040-08-07,165
2040-08-08,192
2040-08-09,250
2040-08-10,229
2040-08-11,251
2040-08-12,413
2040-08-13,102
2040-08-14,433
2040-08-15,229
2040-08-16,463
2040-08-17,466
2040-08-18,362
2040-08-19,357
2040-08-20,186
2040-08-21,231
2040-08-22,416
2040-08-23,50
2040-08-24,93
2040-08-25,276
2040-08-26,380
2040-08-27,147
2040-08-28,257
2040-08-29,314
2040-08-30,337
2040-08-31,320
2040-09-01,189
2040-09-02,286
2040-09-03,490
2040-09-04,441
2040-09-05,121
2040-09-06,204
2040-09-07,239
2040-09-08,317
2040-09-09,370
2040-09-10,156
2040-09-11,281
2040-09-12,91
2040-09-13,239
2040-09-14,420
2040-09-15,188
2040-09-16,152
2040-09-17,220
2040-09-18,400
2040-09-19,322
2040-09-20,465
2040-09-21,270
2040-09-22,262
2040-09-23,390
2040-09-24,473
2040-09-25,456
2040-09-26,105
2040-09-27,439
2040-09-28,391
2040-09-29,483
2040-09-30,151
2040-10-01,470
2040-10-02,241
2040-10-03,359
2040-10-04,249
2040-10-05,282
2040-10-06,482
2040-10-07,276
2040-10-08,420
2040-10-09,188
2040-10-10,393
2040-10-11,354
2040-10-12,198
2040-10-13,164
2040-10-14,499
2040-10-15,112
2040-10-16,153
2040-10-17,388
2040-10-18,408
2040-10-19,205
2040-10-20,322
2040-10-21,55
2040-10-22,196
2040-10-23,233
2040-10-24,77
2040-10-25,499
2040-10-26,87
2040-10-27,168
2040-10-28,342
2040-10-29,420
2040-10-30,293
2040-10-31,117
2040-11-01,263
2040-11-02,267
2040-11-03,226
2040-11-04,348
2040-11-05,213
2040-11-06,107
2040-11-07,318
2040-11-08,357
2040-11-09,107
2040-11-10,337
2040-11-11,154
2040-11-12,277
2040-11-13,296
2040-11-14,237
2040-11-15,132
2040-11-16,235
2040-11-17,301
2040-11-18,404
2040-11-19,287
2040-11-20,409
2040-11-21,233
2040-11-22,333
2040-11-23,434
2040-11-24,475
2040-11-25,259
2040-11-26,353
2040-11-27,345
2040-11-28,146
2040-11-29,496
2040-11-30,257
2040-12-01,419
2040-12-02,437
2040-12-03,471
2040-12-04,460
2040-12-05,186
2040-12-06,416
2040-12-07,449
2040-12-08,233
2040-12-09,125
2040-12-10,336
2040-12-11,424
2040-12-12,191
2040-12-13,286
2040-12-14,74
2040-12-15,339
2040-12-16,116
2040-12-17,299
2040-12-18,457
2040-12-19,167
2040-12-20,122
2040-12-21,331
2040-12-22,453
2040-12-23,497
2040-12-24,409
2040-12-25,59
2040-12-26,260
2040-12-27,372
2040-12-28,201
2040-12-29,54
2040-12-30,244
2040-12-31,491
2041-01-01,332
2041-01-02,162
2041-01-03,320
2041-01-04,212
2041-01-05,154
2041-01-06,230
2041-01-07,93
2041-01-08,331
2041-01-09,224
2041-01-10,211
2041-01-11,400
2041-01-12,483
2041-01-13,389
2041-01-14,189
2041-01-15,181
2041-01-16,136
2041-01-17,225
2041-01-18,232
2041-01-19,417
2041-01-20,178
2041-01-21,295
2041-01-22,138
2041-01-23,115
2041-01-24,207
2041-01-25,436
2041-01-26,427
2041-01-27,198
2041-01-28,389
2041-01-29,482
2041-01-30,165
2041-01-31,263
2041-02-01,495
2041-02-02,421
2041-02-03,343
2041-02-04,302
2041-02-05,192
2041-02-06,299
2041-02-07,415
2041-02-08,485
2041-02-09,351
2041-02-10,74
2041-02-11,326
2041-02-12,426
2041-02-13,427
2041-02-14,438
2041-02-15,119
2041-02-16,162
2041-02-17,412
2041-02-18,161
2041-02-19,413
2041-02-20,352
2041-02-21,140
2041-02-22,67
2041-02-23,198
2041-02-24,276
2041-02-25,263
2041-02-26,409
2041-02-27,200
2041-02-28,241
2041-03-01,89
2041-03-02,291
2041-03-03,187
2041-03-04,394
2041-03-05,229
2041-03-06,249
2041-03-07,252
2041-03-08,110
2041-03-09,241
2041-03-10,54
2041-03-11,427
2041-03-12,286
2041-03-13,230
2041-03-14,360
2041-03-15,86
2041-03-16,105
2041-03-17,492
2041-03-18,286
2041-03-19,407
2041-03-20,398
2041-03-21,246
2041-03-22,122
2041-03-23,108
2041-03-24,289
2041-03-25,51
2041-03-26,498
2041-03-27,409
2041-03-28,237
2041-03-29,356
2041-03-30,79
2041-03-31,316
2041-04-01,157
2041-04-02,381
2041-04-03,472
2041-04-04,139
2041-04-05,254
2041-04-06,428
2041-04-07,496
2041-04-08,497
2041-04-09,494
2041-04-10,430
2041-04-11,487
2041-04-12,269
2041-04-13,427
2041-04-14,143
2041-04-15,152
2041-04-16,272
2041-04-17,235
2041-04-18,233
2041-04-19,211
2041-04-20,296
2041-04-21,80
2041-04-22,101
2041-04-23,394
2041-04-24,125
2041-04-25,434
2041-04-26,488
2041-04-27,327
2041-04-28,89
2041-04-29,150
2041-04-30,160
2041-05-01,434
2041-05-02,370
2041-05-03,298
2041-05-04,240
2041-05-05,231
2041-05-06,475
2041-05-07,454
2041-05-08,384
2041-05-09,258
2041-05-10,71
2041-05-11,215
2041-05-12,148
2041-05-13,257
2041-05-14,57
2041-05-15,239
2041-05-16,224
2041-05-17,322
2041-05-18,66
2041-05-19,139
2041-05-20,190
2041-05-21,194
2041-05-22,215
2041-05-23,386
2041-05-24,127
2041-05-25,478
2041-05-26,311
2041-05-27,212
2041-05-28,415
2041-05-29,63
2041-05-30,288
2041-05-31,121
2041-06-01,494
2041-06-02,192
2041-06-03,359
2041-06-04,332
2041-06-05,318
2041-06-06,290
2041-06-07,464
2041-06-08,294
2041-06-09,212
2041-06-10,109
2041-06-11,55
2041-06-12,246
2041-06-13,107
2041-06-14,354
2041-06-15,456
2041-06-16,266
2041-06-17,467
2041-06-18,75
2041-06-19,352
2041-06-20,54
2041-06-21,69
2041-06-22,439
2041-06-23,247
2041-06-24,108
2041-06-25,497
2041-06-26,291
2041-06-27,195
2041-06-28,437
2041-06-29,322
2041-06-30,298
2041-07-01,63
2041-07-02,62
2041-07-03,440
2041-07-04,433
2041-07-05,93
2041-07-06,424
2041-07-07,448
2041-07-08,68
2041-07-09,112
2041-07-10,288
2041-07-11,468
2041-07-12,386
2041-07-13,468
2041-07-14,452
2041-07-15,453
2041-07-16,149
2041-07-17,212
2041-07-18,465
2041-07-19,171
2041-07-20,481
2041-07-21,93
2041-07-22,409
2041-07-23,457
2041-07-24,366
2041-07-25,430
2041-07-26,194
2041-07-27,376
2041-07-28,412
2041-07-29,99
2041-07-30,114
2041-07-31,404
2041-08-01,337
2041-08-02,213
2041-08-03,190
2041-08-04,363
2041-08-05,177
2041-08-06,447
2041-08-07,470
2041-08-08,417
2041-08-09,288
2041-08-10,373
2041-08-11,345
2041-08-12,236
2041-08-13,257
2041-08-14,269
2041-08-15,449
2041-08-16,239
2041-08-17,437
2041-08-18,478
2041-08-19,395
2041-08-20,333
2041-08-21,401
2041-08-22,286
2041-08-23,243
2041-08-24,336
2041-08-25,308
2041-08-26,295
2041-08-27,185
2041-08-28,329
2041-08-29,320
2041-08-30,220
2041-08-31,208
2041-09-01,250
2041-09-02,94
2041-09-03,499
2041-09-04,313
2041-09-05,120
2041-09-06,413
2041-09-07,420
2041-09-08,152
2041-09-09,174
2041-09-10,362
2041-09-11,335
2041-09-12,279
2041-09-13,195
2041-09-14,419
2041-09-15,246
2041-09-16,422
2041-09-17,270
2041-09-18,472
2041-09-19,109
2041-09-20,147
2041-09-21,220
2041-09-22,431
2041-09-23,222
2041-09-24,200
2041-09-25,399
2041-09-26,439
2041-09-27,489
2041-09-28,171
2041-09-29,157
2041-09-30,53
2041-10-01,142
2041-10-02,456
2041-10-03,55
2041-10-04,337
2041-10-05,155
2041-10-06,195
2041-10-07,320
2041-10-08,473
2041-10-09,427
2041-10-10,145
2041-10-11,278
2041-10-12,251
2041-10-13,261
2041-10-14,55
2041-10-15,161
2041-10-16,425
2041-10-17,428
2041-10-18,496
2041-10-19,372
2041-10-20,155
2041-10-21,188
2041-10-22,348
2041-10-23,450
2041-10-24,145
2041-10-25,437
2041-10-26,496
2041-10-27,386
2041-10-28,346
2041-10-29,438
2041-10-30,465
2041-10-31,263
2041-11-01,340
2041-11-02,71
2041-11-03,242
2041-11-04,199
2041-11-05,417
2041-11-06,296
2041-11-07,316
2041-11-08,300
2041-11-09,52
2041-11-10,442
2041-11-11,365
2041-11-12,125
2041-11-13,136
2041-11-14,319
2041-11-15,274
2041-11-16,67
2041-11-17,162
2041-11-18,300
2041-11-19,282
2041-11-20,378
2041-11-21,328
2041-11-22,251
2041-11-23,132
2041-11-24,174
2041-11-25,224
2041-11-26,118
2041-11-27,96
2041-11-28,421
2041-11-29,305
2041-11-30,264
2041-12-01,79
2041-12-02,330
2041-12-03,461
2041-12-04,286
2041-12-05,297
2041-12-06,417
2041-12-07,74
2041-12-08,123
2041-12-09,255
2041-12-10,363
2041-12-11,143
2041-12-12,424
2041-12-13,176
2041-12-14,474
2041-12-15,74
2041-12-16,383
2041-12-17,404
2041-12-18,165
2041-12-19,97
2041-12-20,275
2041-12-21,315
2041-12-22,148
2041-12-23,60
2041-12-24,134
2041-12-25,454
2041-12-26,263
2041-12-27,222
2041-12-28,440
2041-12-29,258
2041-12-30,497
2041-12-31,431
2042-01-01,113
2042-01-02,307
2042-01-03,381
2042-01-04,170
2042-01-05,347
2042-01-06,103
2042-01-07,380
2042-01-08,321
2042-01-09,290
2042-01-10,292
2042-01-11,67
2042-01-12,236
2042-01-13,395
2042-01-14,193
2042-01-15,311
2042-01-16,490
2042-01-17,413
2042-01-18,480
2042-01-19,288
2042-01-20,353
2042-01-21,347
2042-01-22,125
2042-01-23,237
2042-01-24,382
2042-01-25,437
2042-01-26,295
2042-01-27,179
2042-01-28,364
2042-01-29,460
2042-01-30,332
2042-01-31,128
2042-02-01,121
2042-02-02,312
2042-02-03,240
2042-02-04,416
2042-02-05,424
2042-02-06,479
2042-02-07,112
2042-02-08,429
2042-02-09,61
2042-02-10,190
2042-02-11,303
2042-02-12,92
2042-02-13,66
2042-02-14,112
2042-02-15,302
2042-02-16,425
2042-02-17,341
2042-02-18,57
2042-02-19,374
2042-02-20,139
2042-02-21,257
2042-02-22,341
2042-02-23,333
2042-02-24,167
2042-02-25,398
2042-02-26,224
2042-02-27,125
2042-02-28,150
2042-03-01,463
2042-03-02,200
2042-03-03,449
2042-03-04,319
2042-03-05,120
2042-03-06,229
2042-03-07,173
2042-03-08,430
2042-03-09,342
2042-03-10,334
2042-03-11,244
2042-03-12,448
2042-03-13,277
2042-03-14,480
2042-03-15,479
2042-03-16,485
2042-03-17,324
2042-03-18,155
2042-03-19,70
2042-03-20,113
2042-03-21,214
2042-03-22,76
2042-03-23,360
2042-03-24,334
2042-03-25,197
2042-03-26,330
2042-03-27,375
2042-03-28,368
2042-03-29,213
2042-03-30,435
2042-03-31,455
2042-04-01,273
2042-04-02,321
2042-04-03,195
2042-04-04,487
2042-04-05,405
2042-04-06,79
2042-04-07,94
2042-04-08,324
2042-04-09,83
2042-04-10,190
2042-04-11,476
2042-04-12,367
2042-04-13,423
2042-04-14,270
2042-04-15,405
2042-04-16,71
2042-04-17,229
2042-04-18,485
2042-04-19,416
2042-04-20,469
2042-04-21,378
2042-04-22,280
2042-04-23,452
2042-04-24,87
2042-04-25,119
2042-04-26,165
2042-04-27,288
2042-04-28,384
2042-04-29,490
2042-04-30,197
2042-05-01,58
2042-05-02,337
2042-05-03,437
2042-05-04,99
2042-05-05,387
2042-05-06,54
2042-05-07,453
2042-05-08,392
2042-05-09,175
2042-05-10,124
2042-05-11,214
2042-05-12,327
2042-05-13,491
2042-05-14,373
2042-05-15,349
2042-05-16,339
2042-05-17,126
2042-05-18,347
2042-05-19,186
2042-05-20,155
2042-05-21,144
2042-05-22,184
2042-05-23,117
2042-05-24,196
2042-05-25,208
2042-05-26,433
2042-05-27,212
2042-05-28,490
2042-05-29,390
2042-05-30,238
2042-05-31,464
2042-06-01,388
2042-06-02,144
2042-06-03,230
2042-06-04,337
2042-06-05,371
2042-06-06,236
2042-06-07,421
2042-06-08,187
2042-06-09,179
2042-06-10,243
2042-06-11,365
2042-06-12,322
2042-06-13,401
2042-06-14,193
2042-06-15,65
2042-06-16,351
2042-06-17,472
2042-06-18,294
2042-06-19,464
2042-06-20,156
2042-06-21,137
2042-06-22,178
2042-06-23,444
2042-06-24,424
2042-06-25,390
2042-06-26,53
2042-06-27,376
2042-06-28,459
2042-06-29,416
2042-06-30,355
2042-07-01,445
2042-07-02,144
2042-07-03,258
2042-07-04,274
2042-07-05,397
2042-07-06,370
2042-07-07,96
2042-07-08,230
2042-07-09,155
2042-07-10,248
2042-07-11,435
2042-07-12,155
2042-07-13,329
2042-07-14,309
2042-07-15,157
2042-07-16,68
2042-07-17,459
2042-07-18,345
2042-07-19,355
2042-07-20,220
2042-07-21,380
2042-07-22,244
2042-07-23,61
2042-07-24,244
2042-07-25,332
2042-07-26,418
2042-07-27,231
2042-07-28,499
2042-07-29,354
2042-07-30,193
2042-07-31,435
2042-08-01,365
2042-08-02,231
2042-08-03,79
2042-08-04,133
2042-08-05,215
2042-08-06,333
2042-08-07,330
2042-08-08,145
2042-08-09,430
2042-08-10,315
2042-08-11,493
2042-08-12,347
2042-08-13,345
2042-08-14,274
2042-08-15,382
2042-08-16,410
2042-08-17,423
2042-08-18,91
2042-08-19,352
2042-08-20,470
2042-08-21,295
2042-08-22,257
2042-08-23,286
2042-08-24,71
2042-08-25,234
2042-08-26,291
2042-08-27,412
2042-08-28,332
2042-08-29,90
2042-08-30,385
2042-08-31,211
2042-09-01,209
2042-09-02,138
2042-09-03,371
2042-09-04,61
2042-09-05,473
2042-09-06,122
2042-09-07,125
2042-09-08,395
2042-09-09,250
2042-09-10,59
2042-09-11,401
2042-09-12,275
2042-09-13,225
2042-09-14,325
2042-09-15,88
2042-09-16,109
2042-09-17,115
2042-09-18,370
2042-09-19,484
2042-09-20,173
2042-09-21,213
2042-09-22,457
2042-09-23,460
2042-09-24,435
2042-09-25,208
2042-09-26,106
2042-09-27,127
2042-09-28,243
2042-09-29,334
2042-09-30,64
2042-10-01,61
2042-10-02,150
2042-10-03,205
2042-10-04,389
2042-10-05,174
2042-10-06,408
2042-10-07,329
2042-10-08,454
2042-10-09,443
2042-10-10,159
2042-10-11,383
2042-10-12,406
2042-10-13,195
2042-10-14,265
2042-10-15,447
2042-10-16,211
2042-10-17,177
2042-10-18,363
2042-10-19,381
2042-10-20,199
2042-10-21,85
2042-10-22,222
2042-10-23,469
2042-10-24,71
2042-10-25,255
2042-10-26,176
2042-10-27,385
2042-10-28,494
2042-10-29,405
2042-10-30,489
2042-10-31,266
2042-11-01,145
2042-11-02,466
2042-11-03,478
2042-11-04,213
2042-11-05,197
2042-11-06,67
2042-11-07,343
2042-11-08,244
2042-11-09,200
2042-11-10,414
2042-11-11,172
2042-11-12,449
2042-11-13,236
2042-11-14,198
2042-11-15,153
2042-11-16,292
2042-11-17,280
2042-11-18,255
2042-11-19,247
2042-11-20,445
2042-11-21,449
2042-11-22,386
2042-11-23,136
2042-11-24,191
2042-11-25,366
2042-11-26,248
2042-11-27,95
2042-11-28,337
2042-11-29,64
2042-11-30,93
2042-12-01,450
2042-12-02,218
2042-12-03,359
2042-12-04,93
2042-12-05,147
2042-12-06,310
2042-12-07,158
2042-12-08,332
2042-12-09,421
2042-12-10,392
2042-12-11,153
2042-12-12,305
2042-12-13,428
2042-12-14,255
2042-12-15,384
2042-12-16,92
2042-12-17,402
2042-12-18,294
2042-12-19,336
2042-12-20,404
2042-12-21,322
2042-12-22,132
2042-12-23,159
2042-12-24,487
2042-12-25,239
2042-12-26,337
2042-12-27,473
2042-12-28,446
2042-12-29,300
2042-12-30,261
2042-12-31,340
2043-01-01,182
2043-01-02,250
2043-01-03,334
2043-01-04,375
2043-01-05,458
2043-01-06,144
2043-01-07,327
2043-01-08,499
2043-01-09,478
2043-01-10,374
2043-01-11,268
2043-01-12,138
2043-01-13,121
2043-01-14,296
2043-01-15,178
2043-01-16,261
2043-01-17,477
2043-01-18,392
2043-01-19,145
2043-01-20,124
2043-01-21,472
2043-01-22,103
2043-01-23,393
2043-01-24,462
2043-01-25,103
2043-01-26,267
2043-01-27,65
2043-01-28,148
2043-01-29,69
2043-01-30,95
2043-01-31,242
2043-02-01,432
2043-02-02,107
2043-02-03,486
2043-02-04,160
2043-02-05,178
2043-02-06,386
2043-02-07,243
2043-02-08,462
2043-02-09,389
2043-02-10,375
2043-02-11,57
2043-02-12,78
2043-02-13,161
2043-02-14,484
2043-02-15,210
2043-02-16,180
2043-02-17,237
2043-02-18,212
2043-02-19,246
2043-02-20,413
2043-02-21,253
2043-02-22,261
2043-02-23,158
2043-02-24,325
2043-02-25,122
2043-02-26,216
2043-02-27,309
2043-02-28,292
2043-03-01,324
2043-03-02,151
2043-03-03,222
2043-03-04,220
2043-03-05,190
2043-03-06,446
2043-03-07,237
2043-03-08,490
2043-03-09,135
2043-03-10,101
2043-03-11,160
2043-03-12,486
2043-03-13,414
2043-03-14,391
2043-03-15,92
2043-03-16,260
2043-03-17,249
2043-03-18,347
2043-03-19,395
2043-03-20,289
2043-03-21,164
2043-03-22,75
2043-03-23,456
2043-03-24,348
2043-03-25,126
2043-03-26,461
2043-03-27,186
2043-03-28,69
2043-03-29,489
2043-03-30,260
2043-03-31,289
2043-04-01,88
2043-04-02,484
2043-04-03,317
2043-04-04,256
2043-04-05,488
2043-04-06,316
2043-04-07,203
2043-04-08,91
2043-04-09,460
2043-04-10,60
2043-04-11,343
2043-04-12,147
2043-04-13,476
2043-04-14,324
2043-04-15,497
2043-04-16,439
2043-04-17,479
2043-04-18,421
2043-04-19,279
2043-04-20,418
2043-04-21,475
2043-04-22,269
2043-04-23,114
2043-04-24,404
2043-04-25,281
2043-04-26,377
2043-04-27,492
2043-04-28,101
2043-04-29,423
2043-04-30,480
2043-05-01,425
2043-05-02,312
2043-05-03,316
2043-05-04,408
2043-05-05,366
2043-05-06,373
2043-05-07,458
2043-05-08,445
2043-05-09,203
2043-05-10,407
2043-05-11,415
2043-05-12,189
2043-05-13,476
2043-05-14,100
2043-05-15,166
2043-05-16,470
2043-05-17,95
2043-05-18,358
2043-05-19,137
2043-05-20,257
2043-05-21,426
2043-05-22,318
2043-05-23,138
2043-05-24,430
2043-05-25,167
2043-05-26,103
2043-05-27,490
2043-05-28,165
2043-05-29,167
2043-05-30,309
2043-05-31,124
2043-06-01,354
2043-06-02,56
2043-06-03,415
2043-06-04,171
2043-06-05,60
2043-06-06,397
2043-06-07,487
2043-06-08,264
2043-06-09,478
2043-06-10,328
2043-06-11,77
2043-06-12,284
2043-06-13,416
2043-06-14,362
2043-06-15,75
2043-06-16,458
2043-06-17,103
2043-06-18,78
2043-06-19,402
2043-06-20,213
2043-06-21,319
2043-06-22,383
2043-06-23,84
2043-06-24,335
2043-06-25,397
2043-06-26,322
2043-06-27,257
2043-06-28,287
2043-06-29,463
2043-06-30,142
2043-07-01,222
2043-07-02,128
2043-07-03,159
2043-07-04,266
2043-07-05,484
2043-07-06,407
2043-07-07,155
2043-07-08,96
2043-07-09,230
2043-07-10,113
2043-07-11,295
2043-07-12,293
2043-07-13,471
2043-07-14,369
2043-07-15,136
2043-07-16,266
2043-07-17,56
2043-07-18,327
2043-07-19,386
2043-07-20,259
2043-07-21,218
2043-07-22,379
2043-07-23,187
2043-07-24,490
2043-07-25,440
2043-07-26,430
2043-07-27,355
2043-07-28,279
2043-07-29,357
2043-07-30,210
2043-07-31,50
2043-08-01,285
2043-08-02,486
2043-08-03,237
2043-08-04,467
2043-08-05,53
2043-08-06,450
2043-08-07,181
2043-08-08,476
2043-08-09,267
2043-08-10,309
2043-08-11,50
2043-08-12,120
2043-08-13,227
2043-08-14,238
2043-08-15,340
2043-08-16,57
2043-08-17,302
2043-08-18,457
2043-08-19,341
2043-08-20,483
2043-08-21,293
2043-08-22,172
2043-08-23,348
2043-08-24,332
2043-08-25,81
2043-08-26,383
2043-08-27,426
2043-08-28,195
2043-08-29,205
2043-08-30,462
2043-08-31,65
2043-09-01,404
2043-09-02,96
2043-09-03,300
2043-09-04,236
2043-09-05,80
2043-09-06,309
2043-09-07,470
2043-09-08,66
2043-09-09,88
2043-09-10,353
2043-09-11,479
2043-09-12,481
2043-09-13,88
2043-09-14,181
2043-09-15,79
2043-09-16,207
2043-09-17,327
2043-09-18,252
2043-09-19,115
2043-09-20,157
2043-09-21,317
2043-09-22,271
2043-09-23,341
2043-09-24,67
2043-09-25,139
2043-09-26,230
2043-09-27,304
2043-09-28,302
2043-09-29,306
2043-09-30,432
2043-10-01,491
2043-10-02,395
2043-10-03,136
2043-10-04,139
2043-10-05,286
2043-10-06,439
2043-10-07,119
2043-10-08,93
2043-10-09,249
2043-10-10,201
2043-10-11,135
2043-10-12,68
2043-10-13,150
2043-10-14,451
2043-10-15,144
2043-10-16,303
2043-10-17,406
2043-10-18,79
2043-10-19,298
2043-10-20,475
2043-10-21,82
2043-10-22,278
2043-10-23,61
2043-10-24,167
2043-10-25,399
2043-10-26,204
2043-10-27,472
2043-10-28,442
2043-10-29,295
2043-10-30,454
2043-10-31,381
2043-11-01,296
2043-11-02,78
2043-11-03,210
2043-11-04,284
2043-11-05,239
2043-11-06,166
2043-11-07,320
2043-11-08,307
2043-11-09,229
2043-11-10,422
2043-11-11,221
2043-11-12,487
2043-11-13,323
2043-11-14,308
2043-11-15,184
2043-11-16,220
2043-11-17,259
2043-11-18,285
2043-11-19,471
2043-11-20,470
2043-11-21,235
2043-11-22,466
2043-11-23,413
2043-11-24,492
2043-11-25,144
2043-11-26,427
2043-11-27,60
2043-11-28,117
2043-11-29,428
2043-11-30,259
2043-12-01,245
2043-12-02,418
2043-12-03,147
2043-12-04,142
2043-12-05,71
2043-12-06,499
2043-12-07,221
2043-12-08,432
2043-12-09,183
2043-12-10,475
2043-12-11,74
2043-12-12,234
2043-12-13,134
2043-12-14,104
2043-12-15,300
2043-12-16,193
2043-12-17,400
2043-12-18,447
2043-12-19,216
2043-12-20,461
2043-12-21,273
2043-12-22,269
2043-12-23,228
2043-12-24,168
2043-12-25,482
2043-12-26,314
2043-12-27,491
2043-12-28,478
2043-12-29,199
2043-12-30,465
2043-12-31,264
2044-01-01,246
2044-01-02,91
2044-01-03,102
2044-01-04,492
2044-01-05,379
2044-01-06,300
2044-01-07,344
2044-01-08,427
2044-01-09,320
2044-01-10,462
2044-01-11,172
2044-01-12,416
2044-01-13,436
2044-01-14,388
2044-01-15,315
2044-01-16,397
2044-01-17,78
2044-01-18,84
2044-01-19,55
2044-01-20,445
2044-01-21,160
2044-01-22,343
2044-01-23,126
2044-01-24,398
2044-01-25,196
2044-01-26,116
2044-01-27,441
2044-01-28,57
2044-01-29,171
2044-01-30,389
2044-01-31,224
2044-02-01,437
2044-02-02,228
2044-02-03,134
2044-02-04,94
2044-02-05,185
2044-02-06,392
2044-02-07,65
2044-02-08,382
2044-02-09,244
2044-02-10,58
2044-02-11,365
2044-02-12,383
2044-02-13,382
2044-02-14,376
2044-02-15,64
2044-02-16,376
2044-02-17,151
2044-02-18,275
2044-02-19,474
2044-02-20,327
2044-02-21,457
2044-02-22,162
2044-02-23,477
2044-02-24,50
2044-02-25,315
2044-02-26,257
2044-02-27,159
2044-02-28,249
2044-02-29,489
2044-03-01,418
2044-03-02,355
2044-03-03,61
2044-03-04,394
2044-03-05,237
2044-03-06,203
2044-03-07,417
2044-03-08,383
2044-03-09,474
2044-03-10,469
2044-03-11,426
2044-03-12,328
2044-03-13,220
2044-03-14,183
2044-03-15,476
2044-03-16,74
2044-03-17,67
2044-03-18,239
2044-03-19,190
2044-03-20,92
2044-03-21,383
2044-03-22,333
2044-03-23,195
2044-03-24,364
2044-03-25,493
2044-03-26,368
2044-03-27,490
2044-03-28,141
2044-03-29,228
2044-03-30,105
2044-03-31,204
2044-04-01,209
2044-04-02,160
2044-04-03,186
2044-04-04,281
2044-04-05,269
2044-04-06,117
2044-04-07,351
2044-04-08,298
2044-04-09,372
2044-04-10,459
2044-04-11,441
2044-04-12,55
2044-04-13,329
2044-04-14,481
2044-04-15,143
2044-04-16,478
2044-04-17,318
2044-04-18,246
2044-04-19,74
2044-04-20,197
2044-04-21,167
2044-04-22,387
2044-04-23,416
2044-04-24,387
2044-04-25,115
2044-04-26,350
2044-04-27,419
2044-04-28,224
2044-04-29,368
2044-04-30,125
2044-05-01,163
2044-05-02,160
2044-05-03,298
2044-05-04,488
2044-05-05,252
2044-05-06,196
2044-05-07,84
2044-05-08,358
2044-05-09,75
2044-05-10,287
2044-05-11,63
2044-05-12,423
2044-05-13,94
2044-05-14,477
2044-05-15,265
2044-05-16,282
2044-05-17,242
2044-05-18,100
2044-05-19,476
2044-05-20,424
2044-05-21,263
2044-05-22,200
2044-05-23,489
2044-05-24,324
2044-05-25,387
2044-05-26,125
2044-05-27,488
2044-05-28,269
2044-05-29,397
2044-05-30,493
2044-05-31,236
2044-06-01,338
2044-06-02,452
2044-06-03,77
2044-06-04,428
2044-06-05,229
2044-06-06,302
2044-06-07,175
2044-06-08,226
2044-06-09,86
2044-06-10,459
2044-06-11,148
2044-06-12,147
2044-06-13,176
2044-06-14,217
2044-06-15,129
2044-06-16,343
2044-06-17,382
2044-06-18,175
2044-06-19,392
2044-06-20,359
2044-06-21,199
2044-06-22,65
2044-06-23,77
2044-06-24,468
2044-06-25,493
2044-06-26,222
2044-06-27,95
2044-06-28,377
2044-06-29,285
2044-06-30,488
2044-07-01,263
2044-07-02,134
2044-07-03,331
2044-07-04,281
2044-07-05,134
2044-07-06,458
2044-07-07,114
2044-07-08,183
2044-07-09,200
2044-07-10,164
2044-07-11,113
2044-07-12,392
2044-07-13,476
2044-07-14,412
2044-07-15,456
2044-07-16,401
2044-07-17,207
2044-07-18,126
2044-07-19,195
2044-07-20,392
2044-07-21,274
2044-07-22,454
2044-07-23,362
2044-07-24,152
2044-07-25,456
2044-07-26,396
2044-07-27,350
2044-07-28,477
2044-07-29,137
2044-07-30,420
2044-07-31,352
2044-08-01,217
2044-08-02,484
2044-08-03,219
2044-08-04,184
2044-08-05,99
2044-08-06,481
2044-08-07,389
2044-08-08,396
2044-08-09,183
2044-08-10,396
2044-08-11,186
2044-08-12,294
2044-08-13,158
2044-08-14,362
2044-08-15,336
2044-08-16,70
2044-08-17,139
2044-08-18,345
2044-08-19,161
2044-08-20,350
2044-08-21,126
2044-08-22,226
2044-08-23,392
2044-08-24,197
2044-08-25,150
2044-08-26,295
2044-08-27,166
2044-08-28,141
2044-08-29,450
2044-08-30,77
2044-08-31,474
2044-09-01,499
2044-09-02,74
2044-09-03,107
2044-09-04,346
2044-09-05,183
2044-09-06,380
2044-09-07,298
2044-09-08,87
2044-09-09,439
2044-09-10,478
2044-09-11,124
2044-09-12,191
2044-09-13,371
2044-09-14,217
2044-09-15,308
2044-09-16,422
2044-09-17,404
2044-09-18,274
2044-09-19,201
2044-09-20,68
2044-09-21,195
2044-09-22,497
2044-09-23,290
2044-09-24,421
2044-09-25,430
2044-09-26,393
2044-09-27,286
2044-09-28,84
2044-09-29,239
2044-09-30,50
2044-10-01,202
2044-10-02,478
2044-10-03,482
2044-10-04,175
2044-10-05,394
2044-10-06,449
2044-10-07,275
2044-10-08,270
2044-10-09,452
2044-10-10,456
2044-10-11,260
2044-10-12,74
2044-10-13,65
2044-10-14,231
2044-10-15,378
2044-10-16,178
2044-10-17,91
2044-10-18,452
2044-10-19,467
2044-10-20,385
2044-10-21,285
2044-10-22,409
2044-10-23,488
2044-10-24,451
2044-10-25,83
2044-10-26,394
2044-10-27,430
2044-10-28,94
2044-10-29,183
2044-10-30,70
2044-10-31,171
2044-11-01,119
2044-11-02,401
2044-11-03,410
2044-11-04,97
2044-11-05,88
2044-11-06,336
2044-11-07,59
2044-11-08,79
2044-11-09,293
2044-11-10,323
2044-11-11,493
2044-11-12,137
2044-11-13,293
2044-11-14,430
2044-11-15,378
2044-11-16,64
2044-11-17,53
2044-11-18,240
2044-11-19,217
2044-11-20,58
2044-11-21,158
2044-11-22,186
2044-11-23,203
2044-11-24,437
2044-11-25,258
2044-11-26,321
2044-11-27,192
2044-11-28,148
2044-11-29,426
2044-11-30,357
2044-12-01,118
2044-12-02,296
2044-12-03,310
2044-12-04,325
2044-12-05,128
2044-12-06,195
2044-12-07,160
2044-12-08,307
2044-12-09,142
2044-12-10,62
2044-12-11,309
2044-12-12,475
2044-12-13,158
2044-12-14,379
2044-12-15,238
2044-12-16,144
2044-12-17,154
2044-12-18,57
2044-12-19,116
2044-12-20,240
2044-12-21,415
2044-12-22,305
2044-12-23,58
2044-12-24,166
2044-12-25,316
2044-12-26,148
2044-12-27,347
2044-12-28,446
2044-12-29,213
2044-12-30,425
2044-12-31,190
2045-01-01,317
2045-01-02,86
2045-01-03,123
2045-01-04,122
2045-01-05,357
2045-01-06,248
2045-01-07,179
2045-01-08,295
2045-01-09,361
2045-01-10,109
2045-01-11,328
2045-01-12,152
2045-01-13,345
2045-01-14,369
2045-01-15,390
2045-01-16,200
2045-01-17,206
2045-01-18,255
2045-01-19,228
2045-01-20,246
2045-01-21,272
2045-01-22,138
2045-01-23,336
2045-01-24,483
2045-01-25,325
2045-01-26,285
2045-01-27,232
2045-01-28,258
2045-01-29,179
2045-01-30,202
2045-01-31,62
2045-02-01,171
2045-02-02,408
2045-02-03,269
2045-02-04,155
2045-02-05,424
2045-02-06,119
2045-02-07,244
2045-02-08,235
2045-02-09,148
2045-02-10,131
2045-02-11,124
2045-02-12,423
2045-02-13,389
2045-02-14,241
2045-02-15,374
2045-02-16,263
2045-02-17,364
2045-02-18,493
2045-02-19,431
2045-02-20,416
2045-02-21,367
2045-02-22,193
2045-02-23,433
2045-02-24,265
2045-02-25,410
2045-02-26,373
2045-02-27,64
2045-02-28,266
2045-03-01,488
2045-03-02,84
2045-03-03,232
2045-03-04,319
2045-03-05,482
2045-03-06,407
2045-03-07,149
2045-03-08,56
2045-03-09,79
2045-03-10,354
2045-03-11,193
2045-03-12,160
2045-03-13,281
2045-03-14,228
2045-03-15,121
2045-03-16,259
2045-03-17,269
2045-03-18,129
2045-03-19,132
2045-03-20,91
2045-03-21,322
2045-03-22,240
2045-03-23,222
2045-03-24,56
2045-03-25,204
2045-03-26,59
2045-03-27,83
2045-03-28,85
2045-03-29,458
2045-03-30,55
2045-03-31,457
2045-04-01,451
2045-04-02,264
2045-04-03,183
2045-04-04,334
2045-04-05,175
2045-04-06,458
2045-04-07,488
2045-04-08,386
2045-04-09,223
2045-04-10,201
2045-04-11,380
2045-04-12,75
2045-04-13,432
2045-04-14,164
2045-04-15,431
2045-04-16,333
2045-04-17,436
2045-04-18,124
2045-04-19,215
2045-04-20,238
2045-04-21,127
2045-04-22,484
2045-04-23,139
2045-04-24,225
2045-04-25,70
2045-04-26,103
2045-04-27,233
2045-04-28,408
2045-04-29,271
2045-04-30,364
2045-05-01,377
2045-05-02,228
2045-05-03,325
2045-05-04,161
2045-05-05,273
2045-05-06,263
2045-05-07,108
2045-05-08,376
2045-05-09,442
2045-05-10,158
2045-05-11,434
2045-05-12,206
2045-05-13,240
2045-05-14,249
2045-05-15,361
2045-05-16,245
2045-05-17,84
2045-05-18,428
2045-05-19,436
2045-05-20,295
2045-05-21,286
2045-05-22,153
2045-05-23,56
2045-05-24,332
2045-05-25,50
2045-05-26,268
2045-05-27,279
2045-05-28,221
2045-05-29,136
2045-05-30,90
2045-05-31,172
2045-06-01,380
2045-06-02,347
2045-06-03,422
2045-06-04,466
2045-06-05,227
2045-06-06,112
2045-06-07,214
2045-06-08,236
2045-06-09,432
2045-06-10,258
2045-06-11,276
2045-06-12,481
2045-06-13,438
2045-06-14,97
2045-06-15,273
2045-06-16,52
2045-06-17,421
2045-06-18,224
2045-06-19,495
2045-06-20,148
2045-06-21,165
2045-06-22,319
2045-06-23,496
2045-06-24,417
2045-06-25,302
2045-06-26,366
2045-06-27,464
2045-06-28,144
2045-06-29,322
2045-06-30,429
2045-07-01,73
2045-07-02,165
2045-07-03,200
2045-07-04,387
2045-07-05,99
2045-07-06,255
2045-07-07,384
2045-07-08,128
2045-07-09,119
2045-07-10,76
2045-07-11,320
2045-07-12,99
2045-07-13,341
2045-07-14,296
2045-07-15,313
2045-07-16,128
2045-07-17,436
2045-07-18,239
2045-07-19,96
2045-07-20,410
2045-07-21,403
2045-07-22,401
2045-07-23,238
2045-07-24,465
2045-07-25,305
2045-07-26,271
2045-07-27,421
2045-07-28,290
2045-07-29,318
2045-07-30,50
2045-07-31,83
2045-08-01,495
2045-08-02,128
2045-08-03,285
2045-08-04,383
2045-08-05,426
2045-08-06,398
2045-08-07,147
2045-08-08,131
2045-08-09,464
2045-08-10,241
2045-08-11,302
2045-08-12,458
2045-08-13,87
2045-08-14,63
2045-08-15,441
2045-08-16,396
2045-08-17,359
2045-08-18,435
2045-08-19,258
2045-08-20,406
2045-08-21,138
2045-08-22,105
2045-08-23,143
2045-08-24,142
2045-08-25,389
2045-08-26,134
2045-08-27,494
2045-08-28,294
2045-08-29,71
2045-08-30,340
2045-08-31,321
2045-09-01,355
2045-09-02,171
2045-09-03,177
2045-09-04,162
2045-09-05,476
2045-09-06,322
2045-09-07,385
2045-09-08,491
2045-09-09,179
2045-09-10,181
2045-09-11,134
2045-09-12,472
2045-09-13,399
2045-09-14,439
2045-09-15,130
2045-09-16,374
2045-09-17,118
2045-09-18,197
2045-09-19,497
2045-09-20,65
2045-09-21,356
2045-09-22,154
2045-09-23,214
2045-09-24,250
2045-09-25,246
2045-09-26,475
2045-09-27,234
2045-09-28,371
2045-09-29,314
2045-09-30,412
2045-10-01,149
2045-10-02,391
2045-10-03,369
2045-10-04,263
2045-10-05,327
2045-10-06,211
2045-10-07,488
2045-10-08,206
2045-10-09,471
2045-10-10,300
2045-10-11,415
2045-10-12,146
2045-10-13,67
2045-10-14,376
2045-10-15,498
2045-10-16,432
2045-10-17,146
2045-10-18,50
2045-10-19,265
2045-10-20,181
2045-10-21,309
2045-10-22,174
2045-10-23,131
2045-10-24,332
2045-10-25,220
2045-10-26,108
2045-10-27,81
2045-10-28,210
2045-10-29,333
2045-10-30,155
2045-10-31,154
2045-11-01,488
2045-11-02,277
2045-11-03,237
2045-11-04,119
2045-11-05,367
2045-11-06,339
2045-11-07,136
2045-11-08,419
2045-11-09,411
2045-11-10,105
2045-11-11,162
2045-11-12,62
2045-11-13,489
2045-11-14,67
2045-11-15,231
2045-11-16,162
2045-11-17,278
2045-11-18,220
2045-11-19,344
2045-11-20,238
2045-11-21,475
2045-11-22,128
2045-11-23,195
2045-11-24,456
2045-11-25,231
2045-11-26,335
2045-11-27,299
2045-11-28,403
2045-11-29,363
2045-11-30,245
2045-12-01,372
2045-12-02,120
2045-12-03,297
2045-12-04,195
2045-12-05,155
2045-12-06,312
2045-12-07,345
2045-12-08,119
2045-12-09,242
2045-12-10,117
2045-12-11,354
2045-12-12,101
2045-12-13,419
2045-12-14,412
2045-12-15,334
2045-12-16,454
2045-12-17,383
2045-12-18,58
2045-12-19,300
2045-12-20,480
2045-12-21,381
2045-12-22,347
2045-12-23,484
2045-12-24,233
2045-12-25,228
2045-12-26,247
2045-12-27,177
2045-12-28,69
2045-12-29,460
2045-12-30,471
2045-12-31,377
2046-01-01,114
2046-01-02,231
2046-01-03,290
2046-01-04,418
2046-01-05,73
2046-01-06,433
2046-01-07,480
2046-01-08,132
2046-01-09,368
2046-01-10,234
2046-01-11,488
2046-01-12,365
2046-01-13,148
2046-01-14,111
2046-01-15,335
2046-01-16,71
2046-01-17,261
2046-01-18,175
2046-01-19,462
2046-01-20,474
2046-01-21,91
2046-01-22,147
2046-01-23,498
2046-01-24,80
2046-01-25,207
2046-01-26,161
2046-01-27,451
2046-01-28,296
2046-01-29,171
2046-01-30,322
2046-01-31,343
2046-02-01,447
2046-02-02,256
2046-02-03,159
2046-02-04,489
2046-02-05,327
2046-02-06,105
2046-02-07,424
2046-02-08,452
2046-02-09,106
2046-02-10,477
2046-02-11,340
2046-02-12,163
2046-02-13,430
2046-02-14,434
2046-02-15,357
2046-02-16,390
2046-02-17,247
2046-02-18,470
2046-02-19,370
2046-02-20,228
2046-02-21,434
2046-02-22,268
2046-02-23,326
2046-02-24,486
2046-02-25,65
2046-02-26,428
2046-02-27,110
2046-02-28,103
2046-03-01,217
2046-03-02,75
2046-03-03,385
2046-03-04,114
2046-03-05,149
2046-03-06,123
2046-03-07,241
2046-03-08,220
2046-03-09,322
2046-03-10,426
2046-03-11,236
2046-03-12,72
2046-03-13,440
2046-03-14,477
2046-03-15,230
2046-03-16,376
2046-03-17,157
2046-03-18,384
2046-03-19,211
2046-03-20,351
2046-03-21,255
2046-03-22,127
2046-03-23,65
2046-03-24,376
2046-03-25,145
2046-03-26,196
2046-03-27,51
2046-03-28,59
2046-03-29,483
2046-03-30,174
2046-03-31,130
2046-04-01,189
2046-04-02,375
2046-04-03,199
2046-04-04,337
2046-04-05,410
2046-04-06,389
2046-04-07,178
2046-04-08,487
2046-04-09,288
2046-04-10,107
2046-04-11,247
2046-04-12,260
2046-04-13,451
2046-04-14,439
2046-04-15,94
2046-04-16,146
2046-04-17,328
2046-04-18,72
2046-04-19,459
2046-04-20,440
2046-04-21,384
2046-04-22,93
2046-04-23,76
2046-04-24,331
2046-04-25,146
2046-04-26,85
2046-04-27,158
2046-04-28,104
2046-04-29,241
2046-04-30,268
2046-05-01,234
2046-05-02,118
2046-05-03,366
2046-05-04,179
2046-05-05,104
2046-05-06,427
2046-05-07,146
2046-05-08,385
2046-05-09,136
2046-05-10,343
2046-05-11,168
2046-05-12,257
2046-05-13,383
2046-05-14,462
2046-05-15,203
2046-05-16,84
2046-05-17,128
2046-05-18,116
2046-05-19,392
2046-05-20,462
2046-05-21,83
2046-05-22,146
2046-05-23,218
2046-05-24,218
2046-05-25,200
2046-05-26,120
2046-05-27,52
2046-05-28,363
2046-05-29,81
2046-05-30,336
2046-05-31,131
2046-06-01,92
2046-06-02,440
2046-06-03,154
2046-06-04,50
2046-06-05,110
2046-06-06,319
2046-06-07,229
2046-06-08,273
2046-06-09,55
2046-06-10,152
2046-06-11,59
2046-06-12,120
2046-06-13,139
2046-06-14,275
2046-06-15,207
2046-06-16,277
2046-06-17,454
2046-06-18,175
2046-06-19,493
2046-06-20,258
2046-06-21,146
2046-06-22,123
2046-06-23,164
2046-06-24,240
2046-06-25,219
2046-06-26,356
2046-06-27,497
2046-06-28,253
2046-06-29,105
2046-06-30,257
2046-07-01,90
2046-07-02,81
2046-07-03,64
2046-07-04,111
2046-07-05,204
2046-07-06,333
2046-07-07,258
2046-07-08,369
2046-07-09,236
2046-07-10,491
2046-07-11,179
2046-07-12,176
2046-07-13,341
2046-07-14,163
2046-07-15,248
2046-07-16,62
2046-07-17,320
2046-07-18,138
2046-07-19,264
2046-07-20,493
2046-07-21,327
2046-07-22,496
2046-07-23,252
2046-07-24,123
2046-07-25,74
2046-07-26,150
2046-07-27,225
2046-07-28,476
2046-07-29,166
2046-07-30,215
2046-07-31,90
2046-08-01,478
2046-08-02,393
2046-08-03,473
2046-08-04,415
2046-08-05,169
2046-08-06,146
2046-08-07,194
2046-08-08,265
2046-08-09,278
2046-08-10,362
2046-08-11,179
2046-08-12,401
2046-08-13,426
2046-08-14,367
2046-08-15,186
2046-08-16,373
2046-08-17,386
2046-08-18,322
2046-08-19,166
2046-08-20,355
2046-08-21,417
2046-08-22,143
2046-08-23,217
2046-08-24,491
2046-08-25,252
2046-08-26,390
2046-08-27,198
2046-08-28,451
2046-08-29,232
2046-08-30,462
2046-08-31,201
2046-09-01,123
2046-09-02,414
2046-09-03,450
2046-09-04,323
2046-09-05,91
2046-09-06,261
2046-09-07,150
2046-09-08,94
2046-09-09,131
2046-09-10,66
2046-09-11,122
2046-09-12,63
2046-09-13,482
2046-09-14,206
2046-09-15,272
2046-09-16,181
2046-09-17,387
2046-09-18,453
2046-09-19,425
2046-09-20,425
2046-09-21,96
2046-09-22,156
2046-09-23,157
2046-09-24,314
2046-09-25,254
2046-09-26,128
2046-09-27,204
2046-09-28,320
2046-09-29,296
2046-09-30,68
2046-10-01,395
2046-10-02,485
2046-10-03,75
2046-10-04,266
2046-10-05,203
2046-10-06,203
2046-10-07,223
2046-10-08,141
2046-10-09,482
2046-10-10,387
2046-10-11,230
2046-10-12,180
2046-10-13,499
2046-10-14,347
2046-10-15,324
2046-10-16,322
2046-10-17,466
2046-10-18,125
2046-10-19,226
2046-10-20,233
2046-10-21,368
2046-10-22,180
2046-10-23,412
2046-10-24,98
2046-10-25,104
2046-10-26,203
2046-10-27,404
2046-10-28,249
2046-10-29,357
2046-10-30,405
2046-10-31,422
2046-11-01,167
2046-11-02,312
2046-11-03,95
2046-11-04,351
2046-11-05,405
2046-11-06,449
2046-11-07,457
2046-11-08,238
2046-11-09,359
2046-11-10,367
2046-11-11,178
2046-11-12,98
2046-11-13,74
2046-11-14,315
2046-11-15,167
2046-11-16,193
2046-11-17,491
2046-11-18,249
2046-11-19,206
2046-11-20,397
2046-11-21,183
2046-11-22,449
2046-11-23,197
2046-11-24,385
2046-11-25,120
2046-11-26,282
2046-11-27,383
2046-11-28,348
2046-11-29,203
2046-11-30,139
2046-12-01,383
2046-12-02,248
2046-12-03,210
2046-12-04,75
2046-12-05,170
2046-12-06,350
2046-12-07,261
2046-12-08,112
2046-12-09,485
2046-12-10,117
2046-12-11,302
2046-12-12,459
2046-12-13,51
2046-12-14,447
2046-12-15,157
2046-12-16,335
2046-12-17,98
2046-12-18,189
2046-12-19,267
2046-12-20,93
2046-12-21,466
2046-12-22,318
2046-12-23,127
2046-12-24,265
2046-12-25,431
2046-12-26,147
2046-12-27,285
2046-12-28,331
2046-12-29,198
2046-12-30,461
2046-12-31,353
2047-01-01,473
2047-01-02,115
2047-01-03,283
2047-01-04,136
2047-01-05,128
2047-01-06,254
2047-01-07,328
2047-01-08,386
2047-01-09,303
2047-01-10,353
2047-01-11,429
2047-01-12,179
2047-01-13,133
2047-01-14,325
2047-01-15,236
2047-01-16,95
2047-01-17,436
2047-01-18,232
2047-01-19,317
2047-01-20,345
2047-01-21,371
2047-01-22,149
2047-01-23,127
2047-01-24,321
2047-01-25,388
2047-01-26,211
2047-01-27,93
2047-01-28,287
2047-01-29,183
2047-01-30,241
2047-01-31,405
2047-02-01,327
2047-02-02,67
2047-02-03,61
2047-02-04,229
2047-02-05,172
2047-02-06,295
2047-02-07,271
2047-02-08,422
2047-02-09,100
2047-02-10,120
2047-02-11,97
2047-02-12,68
2047-02-13,311
2047-02-14,133
2047-02-15,204
2047-02-16,102
2047-02-17,156
2047-02-18,406
2047-02-19,353
2047-02-20,184
2047-02-21,492
2047-02-22,118
2047-02-23,60
2047-02-24,192
2047-02-25,241
2047-02-26,436
2047-02-27,427
2047-02-28,118
2047-03-01,72
2047-03-02,230
2047-03-03,342
2047-03-04,58
2047-03-05,320
2047-03-06,436
2047-03-07,142
2047-03-08,66
2047-03-09,203
2047-03-10,454
2047-03-11,377
2047-03-12,198
2047-03-13,426
2047-03-14,316
2047-03-15,471
2047-03-16,377
2047-03-17,155
2047-03-18,430
2047-03-19,84
2047-03-20,168
2047-03-21,63
2047-03-22,63
2047-03-23,315
2047-03-24,189
2047-03-25,343
2047-03-26,413
2047-03-27,168
2047-03-28,287
2047-03-29,83
2047-03-30,218
2047-03-31,59
2047-04-01,171
2047-04-02,450
2047-04-03,194
2047-04-04,495
2047-04-05,272
2047-04-06,420
2047-04-07,306
2047-04-08,317
2047-04-09,408
2047-04-10,53
2047-04-11,475
2047-04-12,446
2047-04-13,403
2047-04-14,155
2047-04-15,134
2047-04-16,263
2047-04-17,170
2047-04-18,181
2047-04-19,387
2047-04-20,246
2047-04-21,68
2047-04-22,179
2047-04-23,61
2047-04-24,130
2047-04-25,379
2047-04-26,403
2047-04-27,311
2047-04-28,441
2047-04-29,174
2047-04-30,356
2047-05-01,316
2047-05-02,496
2047-05-03,490
2047-05-04,432
2047-05-05,189
2047-05-06,378
2047-05-07,51
2047-05-08,57
2047-05-09,299
2047-05-10,188
2047-05-11,173
2047-05-12,358
2047-05-13,277
2047-05-14,59
2047-05-15,261
2047-05-16,161
2047-05-17,57
2047-05-18,341
2047-05-19,411
2047-05-20,302
2047-05-21,63
2047-05-22,289
2047-05-23,487
2047-05-24,291
2047-05-25,391
2047-05-26,198
2047-05-27,285
2047-05-28,355
2047-05-29,216
2047-05-30,69
2047-05-31,265
2047-06-01,392
2047-06-02,184
2047-06-03,442
2047-06-04,178
2047-06-05,459
2047-06-06,471
2047-06-07,343
2047-06-08,295
2047-06-09,238
2047-06-10,93
2047-06-11,135
2047-06-12,93
2047-06-13,379
2047-06-14,424
2047-06-15,495
2047-06-16,427
2047-06-17,439
2047-06-18,194
2047-06-19,100
2047-06-20,291
2047-06-21,343
2047-06-22,457
2047-06-23,100
2047-06-24,315
2047-06-25,169
2047-06-26,249
2047-06-27,454
2047-06-28,297
2047-06-29,119
2047-06-30,390
2047-07-01,106
2047-07-02,431
2047-07-03,88
2047-07-04,338
2047-07-05,492
2047-07-06,67
2047-07-07,489
2047-07-08,269
2047-07-09,362
2047-07-10,293
2047-07-11,401
2047-07-12,353
2047-07-13,347
2047-07-14,332
2047-07-15,123
2047-07-16,159
2047-07-17,229
2047-07-18,475
2047-07-19,81
2047-07-20,283
2047-07-21,331
2047-07-22,74
2047-07-23,380
2047-07-24,328
2047-07-25,275
2047-07-26,106
2047-07-27,229
2047-07-28,281
2047-07-29,431
2047-07-30,392
2047-07-31,336
2047-08-01,113
2047-08-02,281
2047-08-03,338
2047-08-04,262
2047-08-05,307
2047-08-06,67
2047-08-07,224
2047-08-08,466
2047-08-09,278
2047-08-10,275
2047-08-11,133
2047-08-12,340
2047-08-13,484
2047-08-14,419
2047-08-15,295
2047-08-16,451
2047-08-17,159
2047-08-18,303
2047-08-19,137
2047-08-20,121
2047-08-21,430
2047-08-22,79
2047-08-23,221
2047-08-24,358
2047-08-25,443
2047-08-26,392
2047-08-27,485
2047-08-28,226
2047-08-29,188
2047-08-30,243
2047-08-31,235
2047-09-01,267
2047-09-02,213
2047-09-03,210
2047-09-04,480
2047-09-05,62
2047-09-06,345
2047-09-07,138
2047-09-08,373
2047-09-09,91
2047-09-10,452
2047-09-11,259
2047-09-12,278
2047-09-13,399
2047-09-14,324
2047-09-15,491
2047-09-16,328
2047-09-17,300
2047-09-18,359
2047-09-19,257
2047-09-20,370
2047-09-21,189
2047-09-22,329
2047-09-23,83
2047-09-24,358
2047-09-25,441
2047-09-26,67
2047-09-27,106
2047-09-28,161
2047-09-29,54
2047-09-30,459
2047-10-01,463
2047-10-02,231
2047-10-03,62
2047-10-04,388
2047-10-05,334
2047-10-06,308
2047-10-07,139
2047-10-08,153
2047-10-09,428
2047-10-10,235
2047-10-11,299
2047-10-12,304
2047-10-13,125
2047-10-14,435
2047-10-15,157
2047-10-16,205
2047-10-17,131
2047-10-18,126
2047-10-19,307
2047-10-20,176
2047-10-21,440
2047-10-22,331
2047-10-23,137
2047-10-24,253
2047-10-25,65
2047-10-26,200
2047-10-27,473
2047-10-28,303
2047-10-29,237
2047-10-30,378
2047-10-31,81
2047-11-01,320
2047-11-02,446
2047-11-03,54
2047-11-04,379
2047-11-05,357
2047-11-06,382
2047-11-07,218
2047-11-08,230
2047-11-09,415
2047-11-10,227
2047-11-11,192
2047-11-12,411
2047-11-13,297
2047-11-14,176
2047-11-15,312
2047-11-16,89
2047-11-17,461
2047-11-18,465
2047-11-19,404
2047-11-20,304
2047-11-21,192
2047-11-22,289
2047-11-23,277
2047-11-24,390
2047-11-25,247
2047-11-26,114
2047-11-27,437
2047-11-28,60
2047-11-29,157
2047-11-30,75
2047-12-01,494
2047-12-02,470
2047-12-03,200
2047-12-04,270
2047-12-05,390
2047-12-06,286
2047-12-07,286
2047-12-08,268
2047-12-09,473
2047-12-10,200
2047-12-11,172
2047-12-12,193
2047-12-13,238
2047-12-14,304
2047-12-15,117
2047-12-16,153
2047-12-17,385
2047-12-18,208
2047-12-19,358
2047-12-20,411
2047-12-21,458
2047-12-22,349
2047-12-23,445
2047-12-24,139
2047-12-25,406
2047-12-26,305
2047-12-27,402
2047-12-28,269
2047-12-29,58
2047-12-30,61
2047-12-31,374
2048-01-01,487
2048-01-02,293
2048-01-03,231
2048-01-04,333
2048-01-05,361
2048-01-06,148
2048-01-07,246
2048-01-08,415
2048-01-09,275
2048-01-10,382
2048-01-11,152
2048-01-12,155
2048-01-13,414
2048-01-14,417
2048-01-15,107
2048-01-16,127
2048-01-17,124
2048-01-18,91
2048-01-19,471
2048-01-20,373
2048-01-21,230
2048-01-22,82
2048-01-23,120
2048-01-24,105
2048-01-25,154
2048-01-26,249
2048-01-27,150
2048-01-28,305
2048-01-29,356
2048-01-30,123
2048-01-31,220
2048-02-01,426
2048-02-02,192
2048-02-03,215
2048-02-04,448
2048-02-05,310
2048-02-06,270
2048-02-07,132
2048-02-08,231
2048-02-09,356
2048-02-10,59
2048-02-11,445
2048-02-12,53
2048-02-13,400
2048-02-14,451
2048-02-15,385
2048-02-16,341
2048-02-17,330
2048-02-18,264
2048-02-19,147
2048-02-20,469
2048-02-21,150
2048-02-22,58
2048-02-23,110
2048-02-24,358
2048-02-25,195
2048-02-26,476
2048-02-27,468
2048-02-28,112
2048-02-29,170
2048-03-01,275
2048-03-02,154
2048-03-03,309
2048-03-04,398
2048-03-05,474
2048-03-06,304
2048-03-07,478
2048-03-08,483
2048-03-09,256
2048-03-10,77
2048-03-11,219
2048-03-12,385
2048-03-13,125
2048-03-14,165
2048-03-15,118
2048-03-16,403
2048-03-17,283
2048-03-18,50
2048-03-19,216
2048-03-20,401
2048-03-21,267
2048-03-22,322
2048-03-23,417
2048-03-24,300
2048-03-25,396
2048-03-26,393
2048-03-27,468
2048-03-28,223
2048-03-29,219
2048-03-30,295
2048-03-31,472
2048-04-01,139
2048-04-02,98
2048-04-03,495
2048-04-04,343
2048-04-05,456
2048-04-06,199
2048-04-07,181
2048-04-08,482
2048-04-09,108
2048-04-10,373
2048-04-11,248
2048-04-12,264
2048-04-13,435
2048-04-14,98
2048-04-15,281
2048-04-16,296
2048-04-17,431
2048-04-18,288
2048-04-19,464
2048-04-20,416
2048-04-21,217
2048-04-22,97
2048-04-23,100
2048-04-24,348
2048-04-25,147
2048-04-26,488
2048-04-27,265
2048-04-28,226
2048-04-29,429
2048-04-30,129
2048-05-01,234
2048-05-02,416
2048-05-03,448
2048-05-04,76
2048-05-05,497
2048-05-06,463
2048-05-07,469
2048-05-08,244
2048-05-09,263
2048-05-10,418
2048-05-11,391
2048-05-12,163
2048-05-13,291
2048-05-14,173
2048-05-15,354
2048-05-16,125
2048-05-17,360
2048-05-18,361
2048-05-19,245
2048-05-20,400
2048-05-21,93
2048-05-22,464
2048-05-23,235
2048-05-24,392
2048-05-25,295
2048-05-26,486
2048-05-27,133
2048-05-28,256
2048-05-29,200
2048-05-30,205
2048-05-31,65
2048-06-01,214
2048-06-02,454
2048-06-03,194
2048-06-04,86
2048-06-05,382
2048-06-06,452
2048-06-07,463
2048-06-08,94
2048-06-09,451
2048-06-10,255
2048-06-11,111
2048-06-12,469
2048-06-13,405
2048-06-14,357
2048-06-15,68
2048-06-16,414
2048-06-17,349
2048-06-18,56
2048-06-19,298
2048-06-20,477
2048-06-21,166
2048-06-22,117
2048-06-23,83
2048-06-24,243
2048-06-25,374
2048-06-26,104
2048-06-27,315
2048-06-28,91
2048-06-29,346
2048-06-30,280
2048-07-01,427
2048-07-02,443
2048-07-03,59
2048-07-04,407
2048-07-05,493
2048-07-06,177
2048-07-07,228
2048-07-08,454
2048-07-09,441
2048-07-10,242
2048-07-11,141
2048-07-12,418
2048-07-13,280
2048-07-14,127
2048-07-15,134
2048-07-16,79
2048-07-17,262
2048-07-18,98
2048-07-19,314
2048-07-20,194
2048-07-21,118
2048-07-22,107
2048-07-23,234
2048-07-24,111
2048-07-25,357
2048-07-26,494
2048-07-27,345
2048-07-28,215
2048-07-29,220
2048-07-30,112
2048-07-31,196
2048-08-01,355
2048-08-02,210
2048-08-03,190
2048-08-04,383
2048-08-05,146
2048-08-06,495
2048-08-07,270
2048-08-08,92
2048-08-09,482
2048-08-10,341
2048-08-11,427
2048-08-12,157
2048-08-13,315
2048-08-14,144
2048-08-15,311
2048-08-16,362
2048-08-17,434
2048-08-18,120
2048-08-19,491
2048-08-20,268
2048-08-21,70
2048-08-22,141
2048-08-23,176
2048-08-24,129
2048-08-25,361
2048-08-26,287
2048-08-27,421
2048-08-28,453
2048-08-29,231
2048-08-30,74
2048-08-31,205
2048-09-01,54
2048-09-02,169
2048-09-03,326
2048-09-04,67
2048-09-05,480
2048-09-06,247
2048-09-07,106
2048-09-08,142
2048-09-09,68
2048-09-10,433
2048-09-11,402
2048-09-12,242
2048-09-13,286
2048-09-14,436
2048-09-15,475
2048-09-16,326
2048-09-17,276
2048-09-18,282
2048-09-19,89
2048-09-20,372
2048-09-21,202
2048-09-22,176
2048-09-23,286
2048-09-24,104
2048-09-25,485
2048-09-26,221
2048-09-27,158
2048-09-28,403
2048-09-29,233
2048-09-30,488
2048-10-01,417
2048-10-02,247
2048-10-03,420
2048-10-04,422
2048-10-05,136
2048-10-06,250
2048-10-07,386
2048-10-08,371
2048-10-09,324
2048-10-10,260
2048-10-11,440
2048-10-12,167
2048-10-13,240
2048-10-14,91
2048-10-15,91
2048-10-16,364
2048-10-17,325
2048-10-18,378
2048-10-19,66
2048-10-20,332
2048-10-21,480
2048-10-22,307
2048-10-23,112
2048-10-24,111
2048-10-25,149
2048-10-26,68
2048-10-27,66
2048-10-28,374
2048-10-29,472
2048-10-30,422
2048-10-31,295
2048-11-01,300
2048-11-02,130
2048-11-03,88
2048-11-04,85
2048-11-05,473
2048-11-06,478
2048-11-07,437
2048-11-08,458
2048-11-09,246
2048-11-10,207
2048-11-11,253
2048-11-12,245
2048-11-13,265
2048-11-14,334
2048-11-15,245
2048-11-16,356
2048-11-17,201
2048-11-18,63
2048-11-19,374
2048-11-20,195
2048-11-21,475
2048-11-22,106
2048-11-23,260
2048-11-24,317
2048-11-25,259
2048-11-26,66
2048-11-27,335
2048-11-28,393
2048-11-29,252
2048-11-30,148
2048-12-01,328
2048-12-02,258
2048-12-03,178
2048-12-04,384
2048-12-05,337
2048-12-06,301
2048-12-07,314
2048-12-08,320
2048-12-09,461
2048-12-10,457
2048-12-11,237
2048-12-12,468
2048-12-13,263
2048-12-14,332
2048-12-15,260
2048-12-16,414
2048-12-17,125
2048-12-18,197
2048-12-19,370
2048-12-20,262
2048-12-21,482
2048-12-22,158
2048-12-23,178
2048-12-24,59
2048-12-25,96
2048-12-26,428
2048-12-27,364
2048-12-28,145
2048-12-29,495
2048-12-30,152
2048-12-31,429
2049-01-01,391
2049-01-02,195
2049-01-03,417
2049-01-04,479
2049-01-05,465
2049-01-06,76
2049-01-07,269
2049-01-08,67
2049-01-09,216
2049-01-10,482
2049-01-11,131
2049-01-12,477
2049-01-13,121
2049-01-14,359
2049-01-15,303
2049-01-16,211
2049-01-17,376
2049-01-18,469
2049-01-19,451
2049-01-20,87
2049-01-21,492
2049-01-22,442
2049-01-23,250
2049-01-24,249
2049-01-25,304
2049-01-26,228
2049-01-27,84
2049-01-28,131
2049-01-29,438
2049-01-30,447
2049-01-31,269
2049-02-01,207
2049-02-02,53
2049-02-03,216
2049-02-04,497
2049-02-05,458
2049-02-06,461
2049-02-07,253
2049-02-08,243
2049-02-09,284
2049-02-10,255
2049-02-11,199
2049-02-12,208
2049-02-13,328
2049-02-14,353
2049-02-15,453
2049-02-16,430
2049-02-17,215
2049-02-18,360
2049-02-19,117
2049-02-20,137
2049-02-21,266
2049-02-22,50
2049-02-23,184
2049-02-24,234
2049-02-25,400
2049-02-26,189
2049-02-27,155
2049-02-28,182
2049-03-01,157
2049-03-02,227
2049-03-03,347
2049-03-04,407
2049-03-05,429
2049-03-06,445
2049-03-07,408
2049-03-08,195
2049-03-09,499
2049-03-10,123
2049-03-11,157
2049-03-12,171
2049-03-13,66
2049-03-14,245
2049-03-15,376
2049-03-16,367
2049-03-17,346
2049-03-18,301
2049-03-19,168
2049-03-20,211
2049-03-21,247
2049-03-22,94
2049-03-23,363
2049-03-24,228
2049-03-25,431
2049-03-26,467
2049-03-27,93
2049-03-28,320
2049-03-29,127
2049-03-30,375
2049-03-31,227
2049-04-01,406
2049-04-02,465
2049-04-03,52
2049-04-04,263
2049-04-05,391
2049-04-06,123
2049-04-07,100
2049-04-08,116
2049-04-09,381
2049-04-10,142
2049-04-11,225
2049-04-12,194
2049-04-13,56
2049-04-14,318
2049-04-15,425
2049-04-16,371
2049-04-17,53
2049-04-18,187
2049-04-19,280
2049-04-20,137
2049-04-21,66
2049-04-22,101
2049-04-23,183
2049-04-24,260
2049-04-25,374
2049-04-26,442
2049-04-27,268
2049-04-28,254
2049-04-29,260
2049-04-30,326
2049-05-01,73
2049-05-02,53
2049-05-03,201
2049-05-04,492
2049-05-05,308
2049-05-06,373
2049-05-07,406
2049-05-08,217
2049-05-09,225
2049-05-10,359
2049-05-11,340
2049-05-12,105
2049-05-13,157
2049-05-14,345
2049-05-15,373
2049-05-16,351
2049-05-17,383
2049-05-18,190
2049-05-19,204
2049-05-20,311
2049-05-21,322
2049-05-22,469
2049-05-23,281
2049-05-24,290
2049-05-25,404
2049-05-26,386
2049-05-27,307
2049-05-28,298
2049-05-29,126
2049-05-30,229
2049-05-31,115
2049-06-01,357
2049-06-02,397
2049-06-03,220
2049-06-04,71
2049-06-05,416
2049-06-06,156
2049-06-07,488
2049-06-08,372
2049-06-09,276
2049-06-10,493
2049-06-11,491
2049-06-12,445
2049-06-13,265
2049-06-14,118
2049-06-15,133
2049-06-16,152
2049-06-17,88
2049-06-18,62
2049-06-19,346
2049-06-20,362
2049-06-21,230
2049-06-22,317
2049-06-23,62
2049-06-24,169
2049-06-25,402
2049-06-26,106
2049-06-27,89
2049-06-28,423
2049-06-29,385
2049-06-30,177
2049-07-01,222
2049-07-02,84
2049-07-03,308
2049-07-04,425
2049-07-05,54
2049-07-06,267
2049-07-07,60
2049-07-08,431
2049-07-09,376
2049-07-10,166
2049-07-11,233
2049-07-12,443
2049-07-13,411
2049-07-14,165
2049-07-15,211
2049-07-16,116
2049-07-17,249
2049-07-18,80
2049-07-19,124
2049-07-20,286
2049-07-21,376
2049-07-22,115
2049-07-23,119
2049-07-24,346
2049-07-25,496
2049-07-26,465
2049-07-27,69
2049-07-28,490
2049-07-29,275
2049-07-30,483
2049-07-31,458
2049-08-01,445
2049-08-02,248
2049-08-03,88
2049-08-04,194
2049-08-05,94
2049-08-06,444
2049-08-07,375
2049-08-08,430
2049-08-09,456
2049-08-10,140
2049-08-11,287
2049-08-12,119
2049-08-13,215
2049-08-14,179
2049-08-15,263
2049-08-16,389
2049-08-17,138
2049-08-18,384
2049-08-19,301
2049-08-20,418
2049-08-21,398
2049-08-22,121
2049-08-23,214
2049-08-24,98
2049-08-25,101
2049-08-26,338
2049-08-27,327
2049-08-28,163
2049-08-29,288
2049-08-30,182
2049-08-31,323
2049-09-01,215
2049-09-02,423
2049-09-03,422
2049-09-04,342
2049-09-05,292
2049-09-06,369
2049-09-07,187
2049-09-08,128
2049-09-09,219
2049-09-10,172
2049-09-11,225
2049-09-12,349
2049-09-13,131
2049-09-14,136
2049-09-15,274
2049-09-16,65
2049-09-17,359
2049-09-18,407
2049-09-19,212
2049-09-20,147
2049-09-21,205
2049-09-22,51
2049-09-23,399
2049-09-24,446
2049-09-25,218
2049-09-26,364
2049-09-27,374
2049-09-28,424
2049-09-29,141
2049-09-30,230
2049-10-01,280
2049-10-02,350
2049-10-03,197
2049-10-04,329
2049-10-05,238
2049-10-06,396
2049-10-07,399
2049-10-08,363
2049-10-09,460
2049-10-10,459
2049-10-11,177
2049-10-12,56
2049-10-13,475
2049-10-14,96
2049-10-15,102
2049-10-16,236
2049-10-17,87
2049-10-18,275
2049-10-19,102
2049-10-20,448
2049-10-21,273
2049-10-22,203
2049-10-23,97
2049-10-24,400
2049-10-25,196
2049-10-26,442
2049-10-27,113
2049-10-28,398
2049-10-29,231
2049-10-30,174
2049-10-31,228
2049-11-01,88
2049-11-02,309
2049-11-03,431
2049-11-04,52
2049-11-05,113
2049-11-06,78
2049-11-07,421
2049-11-08,60
2049-11-09,146
2049-11-10,407
2049-11-11,491
2049-11-12,252
2049-11-13,460
2049-11-14,70
2049-11-15,88
2049-11-16,272
2049-11-17,151
2049-11-18,95
2049-11-19,115
2049-11-20,140
2049-11-21,213
2049-11-22,160
2049-11-23,387
2049-11-24,172
2049-11-25,242
2049-11-26,496
2049-11-27,148
2049-11-28,340
2049-11-29,208
2049-11-30,461
2049-12-01,152
2049-12-02,434
2049-12-03,330
2049-12-04,92
2049-12-05,133
2049-12-06,240
2049-12-07,100
2049-12-08,435
2049-12-09,259
2049-12-10,175
2049-12-11,497
2049-12-12,118
2049-12-13,314
2049-12-14,307
2049-12-15,467
2049-12-16,237
2049-12-17,279
2049-12-18,238
2049-12-19,464
2049-12-20,59
2049-12-21,163
2049-12-22,125
2049-12-23,213
2049-12-24,134
2049-12-25,98
2049-12-26,375
2049-12-27,226
2049-12-28,436
2049-12-29,438
2049-12-30,267
2049-12-31,238
2050-01-01,395
2050-01-02,279
2050-01-03,304
2050-01-04,285
2050-01-05,75
2050-01-06,121
2050-01-07,310
2050-01-08,303
2050-01-09,320
2050-01-10,172
2050-01-11,193
2050-01-12,306
2050-01-13,193
2050-01-14,470
2050-01-15,308
2050-01-16,485
2050-01-17,96
2050-01-18,400
2050-01-19,62
2050-01-20,425
2050-01-21,257
2050-01-22,360
2050-01-23,284
2050-01-24,198
2050-01-25,371
2050-01-26,487
2050-01-27,204
2050-01-28,215
2050-01-29,139
2050-01-30,235
2050-01-31,367
2050-02-01,407
2050-02-02,223
2050-02-03,266
2050-02-04,444
2050-02-05,313
2050-02-06,146
2050-02-07,166
2050-02-08,248
2050-02-09,369
2050-02-10,70
2050-02-11,249
2050-02-12,420
2050-02-13,496
2050-02-14,390
2050-02-15,497
2050-02-16,297
2050-02-17,325
2050-02-18,313
2050-02-19,107
2050-02-20,351
2050-02-21,80
2050-02-22,298
2050-02-23,142
2050-02-24,314
2050-02-25,320
2050-02-26,143
2050-02-27,203
2050-02-28,443
2050-03-01,334
2050-03-02,129
2050-03-03,341
2050-03-04,133
2050-03-05,414
2050-03-06,423
2050-03-07,86
2050-03-08,391
2050-03-09,376
2050-03-10,456
2050-03-11,474
2050-03-12,281
2050-03-13,142
2050-03-14,385
2050-03-15,151
2050-03-16,461
2050-03-17,481
2050-03-18,215
2050-03-19,208
2050-03-20,63
2050-03-21,422
2050-03-22,274
2050-03-23,122
2050-03-24,298
2050-03-25,140
2050-03-26,265
2050-03-27,139
2050-03-28,78
2050-03-29,484
2050-03-30,354
2050-03-31,476
2050-04-01,269
2050-04-02,377
2050-04-03,264
2050-04-04,270
2050-04-05,438
2050-04-06,91
2050-04-07,184
2050-04-08,91
2050-04-09,213
2050-04-10,410
2050-04-11,332
2050-04-12,107
2050-04-13,351
2050-04-14,371
2050-04-15,74
2050-04-16,122
2050-04-17,422
2050-04-18,460
2050-04-19,178
2050-04-20,136
2050-04-21,379
2050-04-22,475
2050-04-23,485
2050-04-24,202
2050-04-25,231
2050-04-26,174
2050-04-27,116
2050-04-28,55
2050-04-29,174
2050-04-30,363
2050-05-01,375
2050-05-02,102
2050-05-03,115
2050-05-04,363
2050-05-05,131
2050-05-06,136
2050-05-07,51
2050-05-08,253
2050-05-09,199
2050-05-10,342
2050-05-11,453
2050-05-12,152
2050-05-13,73
2050-05-14,417
2050-05-15,261
2050-05-16,114
2050-05-17,498
2050-05-18,258
